order_item_id,order_id,customer_id,product_id,order_date,order_month,order_dayofweek,payment_method,order_status,gender,age,city,signup_date,product_name,category,price,quantity,unit_price,line_total,order_match,product_match,customer_match,merge_valid
1,1,123,100,2026-05-07,2026-05,Thursday,card,completed,M,20,서울,2025-09-25,도서 상품 100,도서,102000,3,102000,306000,True,True,True,True
2,1,123,87,2026-05-07,2026-05,Thursday,card,completed,M,20,서울,2025-09-25,도서 상품 087,도서,25000,5,25000,125000,True,True,True,True
3,1,123,7,2026-05-07,2026-05,Thursday,card,completed,M,20,서울,2025-09-25,도서 상품 007,도서,142000,3,142000,426000,True,True,True,True
4,1,123,9,2026-05-07,2026-05,Thursday,card,completed,M,20,서울,2025-09-25,스포츠 상품 009,스포츠,193000,3,193000,579000,True,True,True,True
5,2,77,72,2025-07-23,2025-07,Wednesday,naver_pay,cancelled,M,64,서울,2024-08-22,뷰티 상품 072,뷰티,189000,4,189000,756000,True,True,True,True
6,3,138,33,2025-11-19,2025-11,Wednesday,bank_transfer,cancelled,F,35,대구,2025-02-16,패션 상품 033,패션,124000,5,124000,620000,True,True,True,True
7,3,138,20,2025-11-19,2025-11,Wednesday,bank_transfer,cancelled,F,35,대구,2025-02-16,스포츠 상품 020,스포츠,80000,3,80000,240000,True,True,True,True
8,3,138,11,2025-11-19,2025-11,Wednesday,bank_transfer,cancelled,F,35,대구,2025-02-16,패션 상품 011,패션,115000,5,115000,575000,True,True,True,True
9,4,57,45,2026-01-30,2026-01,Friday,kakao_pay,cancelled,F,23,수원,2023-10-08,패션 상품 045,패션,62000,3,62000,186000,True,True,True,True
10,4,57,84,2026-01-30,2026-01,Friday,kakao_pay,cancelled,F,23,수원,2023-10-08,스포츠 상품 084,스포츠,78000,4,78000,312000,True,True,True,True
11,5,125,77,2025-12-21,2025-12,Sunday,card,cancelled,M,28,수원,2023-11-11,전자기기 상품 077,전자기기,71000,1,71000,71000,True,True,True,True
12,5,125,40,2025-12-21,2025-12,Sunday,card,cancelled,M,28,수원,2023-11-11,도서 상품 040,도서,174000,5,174000,870000,True,True,True,True
13,6,87,83,2026-03-21,2026-03,Saturday,naver_pay,completed,M,31,울산,2024-03-17,전자기기 상품 083,전자기기,24000,3,24000,72000,True,True,True,True
14,6,87,17,2026-03-21,2026-03,Saturday,naver_pay,completed,M,31,울산,2024-03-17,도서 상품 017,도서,84000,5,84000,420000,True,True,True,True
15,6,87,12,2026-03-21,2026-03,Saturday,naver_pay,completed,M,31,울산,2024-03-17,식품 상품 012,식품,175000,4,175000,700000,True,True,True,True
16,6,87,66,2026-03-21,2026-03,Saturday,naver_pay,completed,M,31,울산,2024-03-17,전자기기 상품 066,전자기기,39000,3,39000,117000,True,True,True,True
17,7,120,47,2025-11-28,2025-11,Friday,bank_transfer,refunded,F,61,광주,2026-02-14,생활용품 상품 047,생활용품,11000,3,11000,33000,True,True,True,True
18,8,137,28,2025-08-03,2025-08,Sunday,card,cancelled,M,68,울산,2024-11-28,뷰티 상품 028,뷰티,5000,3,5000,15000,True,True,True,True
19,8,137,99,2025-08-03,2025-08,Sunday,card,cancelled,M,68,울산,2024-11-28,뷰티 상품 099,뷰티,200000,4,200000,800000,True,True,True,True
20,9,145,29,2026-01-20,2026-01,Tuesday,card,completed,M,59,성남,2024-01-02,패션 상품 029,패션,78000,2,78000,156000,True,True,True,True
21,9,145,20,2026-01-20,2026-01,Tuesday,card,completed,M,59,성남,2024-01-02,스포츠 상품 020,스포츠,80000,1,80000,80000,True,True,True,True
22,10,110,13,2026-03-16,2026-03,Monday,bank_transfer,cancelled,F,40,부산,2026-02-24,패션 상품 013,패션,164000,5,164000,820000,True,True,True,True
23,10,110,99,2026-03-16,2026-03,Monday,bank_transfer,cancelled,F,40,부산,2026-02-24,뷰티 상품 099,뷰티,200000,5,200000,1000000,True,True,True,True
24,10,110,95,2026-03-16,2026-03,Monday,bank_transfer,cancelled,F,40,부산,2026-02-24,전자기기 상품 095,전자기기,20000,5,20000,100000,True,True,True,True
25,11,47,85,2025-11-17,2025-11,Monday,card,completed,F,36,울산,2025-12-12,생활용품 상품 085,생활용품,74000,3,74000,222000,True,True,True,True
26,12,98,77,2025-07-12,2025-07,Saturday,kakao_pay,completed,F,61,인천,2024-11-07,전자기기 상품 077,전자기기,71000,4,71000,284000,True,True,True,True
27,12,98,20,2025-07-12,2025-07,Saturday,kakao_pay,completed,F,61,인천,2024-11-07,스포츠 상품 020,스포츠,80000,2,80000,160000,True,True,True,True
28,13,117,89,2026-06-02,2026-06,Tuesday,kakao_pay,completed,F,65,성남,2026-06-24,생활용품 상품 089,생활용품,103000,5,103000,515000,True,True,True,True
29,13,117,22,2026-06-02,2026-06,Tuesday,kakao_pay,completed,F,65,성남,2026-06-24,생활용품 상품 022,생활용품,112000,4,112000,448000,True,True,True,True
30,14,98,53,2025-12-18,2025-12,Thursday,kakao_pay,cancelled,F,61,인천,2024-11-07,생활용품 상품 053,생활용품,188000,3,188000,564000,True,True,True,True
31,15,65,57,2026-05-23,2026-05,Saturday,card,cancelled,F,33,인천,2026-01-17,스포츠 상품 057,스포츠,181000,5,181000,905000,True,True,True,True
32,15,65,37,2026-05-23,2026-05,Saturday,card,cancelled,F,33,인천,2026-01-17,뷰티 상품 037,뷰티,193000,4,193000,772000,True,True,True,True
33,16,5,69,2026-01-14,2026-01,Wednesday,card,completed,F,19,부산,2024-09-13,도서 상품 069,도서,157000,2,157000,314000,True,True,True,True
34,16,5,40,2026-01-14,2026-01,Wednesday,card,completed,F,19,부산,2024-09-13,도서 상품 040,도서,174000,4,174000,696000,True,True,True,True
35,17,58,48,2025-08-17,2025-08,Sunday,card,completed,F,66,성남,2025-06-14,식품 상품 048,식품,67000,5,67000,335000,True,True,True,True
36,17,58,57,2025-08-17,2025-08,Sunday,card,completed,F,66,성남,2025-06-14,스포츠 상품 057,스포츠,181000,4,181000,724000,True,True,True,True
37,18,8,100,2025-12-23,2025-12,Tuesday,bank_transfer,completed,M,32,수원,2024-12-24,도서 상품 100,도서,102000,4,102000,408000,True,True,True,True
38,18,8,65,2025-12-23,2025-12,Tuesday,bank_transfer,completed,M,32,수원,2024-12-24,생활용품 상품 065,생활용품,36000,5,36000,180000,True,True,True,True
39,18,8,54,2025-12-23,2025-12,Tuesday,bank_transfer,completed,M,32,수원,2024-12-24,스포츠 상품 054,스포츠,103000,2,103000,206000,True,True,True,True
40,19,6,78,2025-11-25,2025-11,Tuesday,bank_transfer,completed,F,32,성남,2026-06-27,뷰티 상품 078,뷰티,68000,2,68000,136000,True,True,True,True
41,19,6,33,2025-11-25,2025-11,Tuesday,bank_transfer,completed,F,32,성남,2026-06-27,패션 상품 033,패션,124000,1,124000,124000,True,True,True,True
42,20,33,48,2026-03-11,2026-03,Wednesday,naver_pay,completed,M,31,수원,2024-03-02,식품 상품 048,식품,67000,5,67000,335000,True,True,True,True
43,20,33,14,2026-03-11,2026-03,Wednesday,naver_pay,completed,M,31,수원,2024-03-02,패션 상품 014,패션,174000,5,174000,870000,True,True,True,True
44,20,33,16,2026-03-11,2026-03,Wednesday,naver_pay,completed,M,31,수원,2024-03-02,스포츠 상품 016,스포츠,81000,3,81000,243000,True,True,True,True
45,20,33,11,2026-03-11,2026-03,Wednesday,naver_pay,completed,M,31,수원,2024-03-02,패션 상품 011,패션,115000,2,115000,230000,True,True,True,True
46,21,145,58,2026-06-19,2026-06,Friday,bank_transfer,cancelled,M,59,성남,2024-01-02,식품 상품 058,식품,197000,5,197000,985000,True,True,True,True
47,21,145,19,2026-06-19,2026-06,Friday,bank_transfer,cancelled,M,59,성남,2024-01-02,패션 상품 019,패션,108000,4,108000,432000,True,True,True,True
48,21,145,12,2026-06-19,2026-06,Friday,bank_transfer,cancelled,M,59,성남,2024-01-02,식품 상품 012,식품,175000,2,175000,350000,True,True,True,True
49,22,66,45,2026-05-25,2026-05,Monday,kakao_pay,completed,F,39,서울,2025-12-03,패션 상품 045,패션,62000,1,62000,62000,True,True,True,True
50,22,66,54,2026-05-25,2026-05,Monday,kakao_pay,completed,F,39,서울,2025-12-03,스포츠 상품 054,스포츠,103000,1,103000,103000,True,True,True,True
51,22,66,51,2026-05-25,2026-05,Monday,kakao_pay,completed,F,39,서울,2025-12-03,전자기기 상품 051,전자기기,111000,5,111000,555000,True,True,True,True
52,22,66,48,2026-05-25,2026-05,Monday,kakao_pay,completed,F,39,서울,2025-12-03,식품 상품 048,식품,67000,2,67000,134000,True,True,True,True
53,23,30,11,2026-01-02,2026-01,Friday,bank_transfer,completed,F,32,서울,2023-07-14,패션 상품 011,패션,115000,3,115000,345000,True,True,True,True
54,23,30,29,2026-01-02,2026-01,Friday,bank_transfer,completed,F,32,서울,2023-07-14,패션 상품 029,패션,78000,1,78000,78000,True,True,True,True
55,23,30,41,2026-01-02,2026-01,Friday,bank_transfer,completed,F,32,서울,2023-07-14,스포츠 상품 041,스포츠,163000,1,163000,163000,True,True,True,True
56,23,30,92,2026-01-02,2026-01,Friday,bank_transfer,completed,F,32,서울,2023-07-14,식품 상품 092,식품,111000,3,111000,333000,True,True,True,True
57,24,28,18,2026-04-08,2026-04,Wednesday,card,completed,M,35,성남,2024-01-02,스포츠 상품 018,스포츠,109000,1,109000,109000,True,True,True,True
58,24,28,37,2026-04-08,2026-04,Wednesday,card,completed,M,35,성남,2024-01-02,뷰티 상품 037,뷰티,193000,4,193000,772000,True,True,True,True
59,25,148,98,2025-09-05,2025-09,Friday,naver_pay,cancelled,M,29,고양,2026-06-15,스포츠 상품 098,스포츠,10000,4,10000,40000,True,True,True,True
60,25,148,58,2025-09-05,2025-09,Friday,naver_pay,cancelled,M,29,고양,2026-06-15,식품 상품 058,식품,197000,5,197000,985000,True,True,True,True
61,26,51,11,2025-12-24,2025-12,Wednesday,card,refunded,F,27,대전,2024-12-17,패션 상품 011,패션,115000,1,115000,115000,True,True,True,True
62,27,63,28,2025-09-14,2025-09,Sunday,card,completed,M,60,대전,2024-04-22,뷰티 상품 028,뷰티,5000,2,5000,10000,True,True,True,True
63,27,63,71,2025-09-14,2025-09,Sunday,card,completed,M,60,대전,2024-04-22,전자기기 상품 071,전자기기,161000,5,161000,805000,True,True,True,True
64,27,63,68,2025-09-14,2025-09,Sunday,card,completed,M,60,대전,2024-04-22,스포츠 상품 068,스포츠,140000,4,140000,560000,True,True,True,True
65,28,31,100,2026-04-18,2026-04,Saturday,card,completed,M,43,광주,2025-08-24,도서 상품 100,도서,102000,3,102000,306000,True,True,True,True
66,29,137,39,2026-01-26,2026-01,Monday,naver_pay,completed,M,68,울산,2024-11-28,식품 상품 039,식품,77000,1,77000,77000,True,True,True,True
67,29,137,7,2026-01-26,2026-01,Monday,naver_pay,completed,M,68,울산,2024-11-28,도서 상품 007,도서,142000,2,142000,284000,True,True,True,True
68,30,18,82,2026-03-17,2026-03,Tuesday,kakao_pay,completed,M,58,고양,2023-10-03,생활용품 상품 082,생활용품,75000,5,75000,375000,True,True,True,True
69,30,18,59,2026-03-17,2026-03,Tuesday,kakao_pay,completed,M,58,고양,2023-10-03,뷰티 상품 059,뷰티,32000,1,32000,32000,True,True,True,True
70,30,18,15,2026-03-17,2026-03,Tuesday,kakao_pay,completed,M,58,고양,2023-10-03,뷰티 상품 015,뷰티,36000,4,36000,144000,True,True,True,True
71,30,18,77,2026-03-17,2026-03,Tuesday,kakao_pay,completed,M,58,고양,2023-10-03,전자기기 상품 077,전자기기,71000,5,71000,355000,True,True,True,True
72,31,108,81,2025-10-20,2025-10,Monday,naver_pay,completed,F,22,성남,2025-06-30,전자기기 상품 081,전자기기,165000,5,165000,825000,True,True,True,True
73,32,111,92,2026-03-04,2026-03,Wednesday,kakao_pay,cancelled,F,41,광주,2026-05-19,식품 상품 092,식품,111000,2,111000,222000,True,True,True,True
74,32,111,38,2026-03-04,2026-03,Wednesday,kakao_pay,cancelled,F,41,광주,2026-05-19,생활용품 상품 038,생활용품,173000,4,173000,692000,True,True,True,True
75,33,40,79,2026-05-17,2026-05,Sunday,naver_pay,completed,M,23,서울,2024-06-02,뷰티 상품 079,뷰티,168000,3,168000,504000,True,True,True,True
76,34,134,74,2026-06-30,2026-06,Tuesday,kakao_pay,refunded,M,57,대구,2024-01-23,뷰티 상품 074,뷰티,145000,4,145000,580000,True,True,True,True
77,34,134,24,2026-06-30,2026-06,Tuesday,kakao_pay,refunded,M,57,대구,2024-01-23,스포츠 상품 024,스포츠,196000,1,196000,196000,True,True,True,True
78,35,138,9,2026-02-02,2026-02,Monday,naver_pay,cancelled,F,35,대구,2025-02-16,스포츠 상품 009,스포츠,193000,5,193000,965000,True,True,True,True
79,35,138,70,2026-02-02,2026-02,Monday,naver_pay,cancelled,F,35,대구,2025-02-16,패션 상품 070,패션,198000,5,198000,990000,True,True,True,True
80,35,138,65,2026-02-02,2026-02,Monday,naver_pay,cancelled,F,35,대구,2025-02-16,생활용품 상품 065,생활용품,36000,5,36000,180000,True,True,True,True
81,36,112,50,2026-05-04,2026-05,Monday,kakao_pay,completed,F,46,성남,2023-09-18,뷰티 상품 050,뷰티,23000,4,23000,92000,True,True,True,True
82,37,63,82,2026-01-11,2026-01,Sunday,card,completed,M,60,대전,2024-04-22,생활용품 상품 082,생활용품,75000,4,75000,300000,True,True,True,True
83,38,116,33,2026-01-04,2026-01,Sunday,bank_transfer,cancelled,F,34,부산,2023-12-21,패션 상품 033,패션,124000,1,124000,124000,True,True,True,True
84,38,116,46,2026-01-04,2026-01,Sunday,bank_transfer,cancelled,F,34,부산,2023-12-21,뷰티 상품 046,뷰티,55000,1,55000,55000,True,True,True,True
85,38,116,45,2026-01-04,2026-01,Sunday,bank_transfer,cancelled,F,34,부산,2023-12-21,패션 상품 045,패션,62000,2,62000,124000,True,True,True,True
86,39,146,99,2025-12-24,2025-12,Wednesday,naver_pay,completed,M,61,성남,2025-12-23,뷰티 상품 099,뷰티,200000,5,200000,1000000,True,True,True,True
87,40,8,18,2026-05-24,2026-05,Sunday,naver_pay,completed,M,32,수원,2024-12-24,스포츠 상품 018,스포츠,109000,1,109000,109000,True,True,True,True
88,40,8,46,2026-05-24,2026-05,Sunday,naver_pay,completed,M,32,수원,2024-12-24,뷰티 상품 046,뷰티,55000,5,55000,275000,True,True,True,True
89,40,8,44,2026-05-24,2026-05,Sunday,naver_pay,completed,M,32,수원,2024-12-24,생활용품 상품 044,생활용품,177000,2,177000,354000,True,True,True,True
90,41,47,90,2026-04-17,2026-04,Friday,naver_pay,completed,F,36,울산,2025-12-12,스포츠 상품 090,스포츠,44000,4,44000,176000,True,True,True,True
91,41,47,81,2026-04-17,2026-04,Friday,naver_pay,completed,F,36,울산,2025-12-12,전자기기 상품 081,전자기기,165000,2,165000,330000,True,True,True,True
92,41,47,18,2026-04-17,2026-04,Friday,naver_pay,completed,F,36,울산,2025-12-12,스포츠 상품 018,스포츠,109000,1,109000,109000,True,True,True,True
93,41,47,92,2026-04-17,2026-04,Friday,naver_pay,completed,F,36,울산,2025-12-12,식품 상품 092,식품,111000,4,111000,444000,True,True,True,True
94,42,91,38,2026-02-23,2026-02,Monday,kakao_pay,completed,M,27,인천,2023-09-07,생활용품 상품 038,생활용품,173000,2,173000,346000,True,True,True,True
95,43,72,26,2025-10-20,2025-10,Monday,kakao_pay,refunded,F,52,대구,2024-03-10,도서 상품 026,도서,82000,1,82000,82000,True,True,True,True
96,44,3,40,2025-11-10,2025-11,Monday,bank_transfer,completed,F,61,성남,2024-06-12,도서 상품 040,도서,174000,5,174000,870000,True,True,True,True
97,44,3,51,2025-11-10,2025-11,Monday,bank_transfer,completed,F,61,성남,2024-06-12,전자기기 상품 051,전자기기,111000,5,111000,555000,True,True,True,True
98,44,3,61,2025-11-10,2025-11,Monday,bank_transfer,completed,F,61,성남,2024-06-12,생활용품 상품 061,생활용품,50000,3,50000,150000,True,True,True,True
99,45,62,97,2026-06-03,2026-06,Wednesday,naver_pay,cancelled,F,63,광주,2025-10-11,전자기기 상품 097,전자기기,154000,2,154000,308000,True,True,True,True
100,46,143,46,2025-10-11,2025-10,Saturday,bank_transfer,cancelled,F,43,대전,2024-01-02,뷰티 상품 046,뷰티,55000,1,55000,55000,True,True,True,True
101,46,143,84,2025-10-11,2025-10,Saturday,bank_transfer,cancelled,F,43,대전,2024-01-02,스포츠 상품 084,스포츠,78000,3,78000,234000,True,True,True,True
102,46,143,35,2025-10-11,2025-10,Saturday,bank_transfer,cancelled,F,43,대전,2024-01-02,스포츠 상품 035,스포츠,59000,1,59000,59000,True,True,True,True
103,47,126,56,2026-05-26,2026-05,Tuesday,naver_pay,completed,M,53,서울,2024-06-05,생활용품 상품 056,생활용품,42000,4,42000,168000,True,True,True,True
104,47,126,96,2026-05-26,2026-05,Tuesday,naver_pay,completed,M,53,서울,2024-06-05,생활용품 상품 096,생활용품,112000,4,112000,448000,True,True,True,True
105,47,126,50,2026-05-26,2026-05,Tuesday,naver_pay,completed,M,53,서울,2024-06-05,뷰티 상품 050,뷰티,23000,3,23000,69000,True,True,True,True
106,48,24,64,2026-07-05,2026-07,Sunday,kakao_pay,completed,F,41,대전,2025-09-07,식품 상품 064,식품,147000,4,147000,588000,True,True,True,True
107,48,24,48,2026-07-05,2026-07,Sunday,kakao_pay,completed,F,41,대전,2025-09-07,식품 상품 048,식품,67000,5,67000,335000,True,True,True,True
108,49,104,11,2025-08-10,2025-08,Sunday,bank_transfer,completed,M,33,광주,2026-06-26,패션 상품 011,패션,115000,4,115000,460000,True,True,True,True
109,49,104,11,2025-08-10,2025-08,Sunday,bank_transfer,completed,M,33,광주,2026-06-26,패션 상품 011,패션,115000,4,115000,460000,True,True,True,True
110,49,104,78,2025-08-10,2025-08,Sunday,bank_transfer,completed,M,33,광주,2026-06-26,뷰티 상품 078,뷰티,68000,2,68000,136000,True,True,True,True
111,50,149,42,2025-10-24,2025-10,Friday,kakao_pay,cancelled,M,20,부산,2024-10-19,패션 상품 042,패션,28000,1,28000,28000,True,True,True,True
112,50,149,11,2025-10-24,2025-10,Friday,kakao_pay,cancelled,M,20,부산,2024-10-19,패션 상품 011,패션,115000,3,115000,345000,True,True,True,True
113,50,149,85,2025-10-24,2025-10,Friday,kakao_pay,cancelled,M,20,부산,2024-10-19,생활용품 상품 085,생활용품,74000,3,74000,222000,True,True,True,True
114,51,142,58,2026-06-15,2026-06,Monday,kakao_pay,cancelled,F,32,서울,2023-08-09,식품 상품 058,식품,197000,5,197000,985000,True,True,True,True
115,51,142,92,2026-06-15,2026-06,Monday,kakao_pay,cancelled,F,32,서울,2023-08-09,식품 상품 092,식품,111000,4,111000,444000,True,True,True,True
116,51,142,22,2026-06-15,2026-06,Monday,kakao_pay,cancelled,F,32,서울,2023-08-09,생활용품 상품 022,생활용품,112000,4,112000,448000,True,True,True,True
117,52,141,58,2025-12-30,2025-12,Tuesday,kakao_pay,completed,M,40,광주,2023-09-09,식품 상품 058,식품,197000,1,197000,197000,True,True,True,True
118,52,141,94,2025-12-30,2025-12,Tuesday,kakao_pay,completed,M,40,광주,2023-09-09,도서 상품 094,도서,124000,3,124000,372000,True,True,True,True
119,52,141,79,2025-12-30,2025-12,Tuesday,kakao_pay,completed,M,40,광주,2023-09-09,뷰티 상품 079,뷰티,168000,4,168000,672000,True,True,True,True
120,53,117,82,2025-10-10,2025-10,Friday,kakao_pay,completed,F,65,성남,2026-06-24,생활용품 상품 082,생활용품,75000,1,75000,75000,True,True,True,True
121,53,117,10,2025-10-10,2025-10,Friday,kakao_pay,completed,F,65,성남,2026-06-24,스포츠 상품 010,스포츠,55000,4,55000,220000,True,True,True,True
122,53,117,47,2025-10-10,2025-10,Friday,kakao_pay,completed,F,65,성남,2026-06-24,생활용품 상품 047,생활용품,11000,5,11000,55000,True,True,True,True
123,54,65,4,2026-04-25,2026-04,Saturday,bank_transfer,completed,F,33,인천,2026-01-17,생활용품 상품 004,생활용품,70000,2,70000,140000,True,True,True,True
124,54,65,78,2026-04-25,2026-04,Saturday,bank_transfer,completed,F,33,인천,2026-01-17,뷰티 상품 078,뷰티,68000,4,68000,272000,True,True,True,True
125,55,50,17,2026-01-04,2026-01,Sunday,kakao_pay,completed,F,58,광주,2026-04-19,도서 상품 017,도서,84000,1,84000,84000,True,True,True,True
126,56,138,100,2026-02-14,2026-02,Saturday,bank_transfer,completed,F,35,대구,2025-02-16,도서 상품 100,도서,102000,3,102000,306000,True,True,True,True
127,56,138,47,2026-02-14,2026-02,Saturday,bank_transfer,completed,F,35,대구,2025-02-16,생활용품 상품 047,생활용품,11000,4,11000,44000,True,True,True,True
128,57,56,78,2026-03-02,2026-03,Monday,naver_pay,completed,F,21,인천,2024-03-23,뷰티 상품 078,뷰티,68000,2,68000,136000,True,True,True,True
129,58,135,48,2026-03-24,2026-03,Tuesday,kakao_pay,completed,F,28,대구,2026-01-13,식품 상품 048,식품,67000,3,67000,201000,True,True,True,True
130,58,135,57,2026-03-24,2026-03,Tuesday,kakao_pay,completed,F,28,대구,2026-01-13,스포츠 상품 057,스포츠,181000,1,181000,181000,True,True,True,True
131,58,135,74,2026-03-24,2026-03,Tuesday,kakao_pay,completed,F,28,대구,2026-01-13,뷰티 상품 074,뷰티,145000,2,145000,290000,True,True,True,True
132,58,135,68,2026-03-24,2026-03,Tuesday,kakao_pay,completed,F,28,대구,2026-01-13,스포츠 상품 068,스포츠,140000,3,140000,420000,True,True,True,True
133,59,50,41,2025-12-02,2025-12,Tuesday,kakao_pay,completed,F,58,광주,2026-04-19,스포츠 상품 041,스포츠,163000,3,163000,489000,True,True,True,True
134,59,50,32,2025-12-02,2025-12,Tuesday,kakao_pay,completed,F,58,광주,2026-04-19,도서 상품 032,도서,172000,1,172000,172000,True,True,True,True
135,59,50,4,2025-12-02,2025-12,Tuesday,kakao_pay,completed,F,58,광주,2026-04-19,생활용품 상품 004,생활용품,70000,2,70000,140000,True,True,True,True
136,59,50,64,2025-12-02,2025-12,Tuesday,kakao_pay,completed,F,58,광주,2026-04-19,식품 상품 064,식품,147000,5,147000,735000,True,True,True,True
137,60,93,72,2025-11-15,2025-11,Saturday,bank_transfer,completed,F,65,대전,2024-06-19,뷰티 상품 072,뷰티,189000,1,189000,189000,True,True,True,True
138,60,93,34,2025-11-15,2025-11,Saturday,bank_transfer,completed,F,65,대전,2024-06-19,전자기기 상품 034,전자기기,118000,3,118000,354000,True,True,True,True
139,60,93,91,2025-11-15,2025-11,Saturday,bank_transfer,completed,F,65,대전,2024-06-19,스포츠 상품 091,스포츠,59000,4,59000,236000,True,True,True,True
140,60,93,28,2025-11-15,2025-11,Saturday,bank_transfer,completed,F,65,대전,2024-06-19,뷰티 상품 028,뷰티,5000,5,5000,25000,True,True,True,True
141,61,4,89,2025-07-19,2025-07,Saturday,bank_transfer,completed,F,55,울산,2026-04-13,생활용품 상품 089,생활용품,103000,4,103000,412000,True,True,True,True
142,61,4,26,2025-07-19,2025-07,Saturday,bank_transfer,completed,F,55,울산,2026-04-13,도서 상품 026,도서,82000,1,82000,82000,True,True,True,True
143,61,4,18,2025-07-19,2025-07,Saturday,bank_transfer,completed,F,55,울산,2026-04-13,스포츠 상품 018,스포츠,109000,1,109000,109000,True,True,True,True
144,62,12,23,2026-01-15,2026-01,Thursday,card,refunded,F,66,대전,2024-09-30,스포츠 상품 023,스포츠,102000,4,102000,408000,True,True,True,True
145,62,12,12,2026-01-15,2026-01,Thursday,card,refunded,F,66,대전,2024-09-30,식품 상품 012,식품,175000,3,175000,525000,True,True,True,True
146,62,12,86,2026-01-15,2026-01,Thursday,card,refunded,F,66,대전,2024-09-30,패션 상품 086,패션,86000,3,86000,258000,True,True,True,True
147,62,12,91,2026-01-15,2026-01,Thursday,card,refunded,F,66,대전,2024-09-30,스포츠 상품 091,스포츠,59000,1,59000,59000,True,True,True,True
148,63,75,39,2026-06-03,2026-06,Wednesday,bank_transfer,cancelled,F,60,울산,2023-12-22,식품 상품 039,식품,77000,2,77000,154000,True,True,True,True
149,63,75,92,2026-06-03,2026-06,Wednesday,bank_transfer,cancelled,F,60,울산,2023-12-22,식품 상품 092,식품,111000,2,111000,222000,True,True,True,True
150,63,75,47,2026-06-03,2026-06,Wednesday,bank_transfer,cancelled,F,60,울산,2023-12-22,생활용품 상품 047,생활용품,11000,5,11000,55000,True,True,True,True
151,64,27,16,2025-11-11,2025-11,Tuesday,card,refunded,F,28,수원,2024-08-02,스포츠 상품 016,스포츠,81000,2,81000,162000,True,True,True,True
152,64,27,18,2025-11-11,2025-11,Tuesday,card,refunded,F,28,수원,2024-08-02,스포츠 상품 018,스포츠,109000,2,109000,218000,True,True,True,True
153,65,73,4,2025-09-16,2025-09,Tuesday,naver_pay,cancelled,M,33,수원,2026-04-19,생활용품 상품 004,생활용품,70000,3,70000,210000,True,True,True,True
154,65,73,71,2025-09-16,2025-09,Tuesday,naver_pay,cancelled,M,33,수원,2026-04-19,전자기기 상품 071,전자기기,161000,5,161000,805000,True,True,True,True
155,65,73,48,2025-09-16,2025-09,Tuesday,naver_pay,cancelled,M,33,수원,2026-04-19,식품 상품 048,식품,67000,4,67000,268000,True,True,True,True
156,65,73,71,2025-09-16,2025-09,Tuesday,naver_pay,cancelled,M,33,수원,2026-04-19,전자기기 상품 071,전자기기,161000,2,161000,322000,True,True,True,True
157,66,113,9,2026-01-13,2026-01,Tuesday,kakao_pay,completed,M,57,성남,2023-10-30,스포츠 상품 009,스포츠,193000,3,193000,579000,True,True,True,True
158,67,14,92,2025-09-28,2025-09,Sunday,kakao_pay,cancelled,F,40,대전,2025-02-03,식품 상품 092,식품,111000,4,111000,444000,True,True,True,True
159,67,14,68,2025-09-28,2025-09,Sunday,kakao_pay,cancelled,F,40,대전,2025-02-03,스포츠 상품 068,스포츠,140000,4,140000,560000,True,True,True,True
160,67,14,99,2025-09-28,2025-09,Sunday,kakao_pay,cancelled,F,40,대전,2025-02-03,뷰티 상품 099,뷰티,200000,4,200000,800000,True,True,True,True
161,67,14,74,2025-09-28,2025-09,Sunday,kakao_pay,cancelled,F,40,대전,2025-02-03,뷰티 상품 074,뷰티,145000,1,145000,145000,True,True,True,True
162,68,30,41,2025-11-22,2025-11,Saturday,card,cancelled,F,32,서울,2023-07-14,스포츠 상품 041,스포츠,163000,1,163000,163000,True,True,True,True
163,68,30,58,2025-11-22,2025-11,Saturday,card,cancelled,F,32,서울,2023-07-14,식품 상품 058,식품,197000,4,197000,788000,True,True,True,True
164,69,126,17,2026-05-13,2026-05,Wednesday,card,refunded,M,53,서울,2024-06-05,도서 상품 017,도서,84000,5,84000,420000,True,True,True,True
165,69,126,82,2026-05-13,2026-05,Wednesday,card,refunded,M,53,서울,2024-06-05,생활용품 상품 082,생활용품,75000,5,75000,375000,True,True,True,True
166,69,126,24,2026-05-13,2026-05,Wednesday,card,refunded,M,53,서울,2024-06-05,스포츠 상품 024,스포츠,196000,2,196000,392000,True,True,True,True
167,70,14,65,2025-10-16,2025-10,Thursday,bank_transfer,completed,F,40,대전,2025-02-03,생활용품 상품 065,생활용품,36000,1,36000,36000,True,True,True,True
168,70,14,16,2025-10-16,2025-10,Thursday,bank_transfer,completed,F,40,대전,2025-02-03,스포츠 상품 016,스포츠,81000,5,81000,405000,True,True,True,True
169,70,14,20,2025-10-16,2025-10,Thursday,bank_transfer,completed,F,40,대전,2025-02-03,스포츠 상품 020,스포츠,80000,3,80000,240000,True,True,True,True
170,70,14,22,2025-10-16,2025-10,Thursday,bank_transfer,completed,F,40,대전,2025-02-03,생활용품 상품 022,생활용품,112000,2,112000,224000,True,True,True,True
171,71,145,91,2025-11-17,2025-11,Monday,kakao_pay,completed,M,59,성남,2024-01-02,스포츠 상품 091,스포츠,59000,2,59000,118000,True,True,True,True
172,71,145,45,2025-11-17,2025-11,Monday,kakao_pay,completed,M,59,성남,2024-01-02,패션 상품 045,패션,62000,5,62000,310000,True,True,True,True
173,71,145,37,2025-11-17,2025-11,Monday,kakao_pay,completed,M,59,성남,2024-01-02,뷰티 상품 037,뷰티,193000,1,193000,193000,True,True,True,True
174,72,64,26,2025-10-24,2025-10,Friday,card,refunded,M,51,수원,2025-03-27,도서 상품 026,도서,82000,5,82000,410000,True,True,True,True
175,72,64,36,2025-10-24,2025-10,Friday,card,refunded,M,51,수원,2025-03-27,도서 상품 036,도서,126000,2,126000,252000,True,True,True,True
176,72,64,81,2025-10-24,2025-10,Friday,card,refunded,M,51,수원,2025-03-27,전자기기 상품 081,전자기기,165000,3,165000,495000,True,True,True,True
177,73,107,65,2026-06-14,2026-06,Sunday,bank_transfer,refunded,F,47,고양,2024-05-30,생활용품 상품 065,생활용품,36000,2,36000,72000,True,True,True,True
178,74,98,22,2026-02-24,2026-02,Tuesday,naver_pay,cancelled,F,61,인천,2024-11-07,생활용품 상품 022,생활용품,112000,5,112000,560000,True,True,True,True
179,74,98,93,2026-02-24,2026-02,Tuesday,naver_pay,cancelled,F,61,인천,2024-11-07,전자기기 상품 093,전자기기,89000,5,89000,445000,True,True,True,True
180,75,77,73,2026-04-06,2026-04,Monday,naver_pay,completed,M,64,서울,2024-08-22,도서 상품 073,도서,114000,1,114000,114000,True,True,True,True
181,75,77,4,2026-04-06,2026-04,Monday,naver_pay,completed,M,64,서울,2024-08-22,생활용품 상품 004,생활용품,70000,1,70000,70000,True,True,True,True
182,75,77,6,2026-04-06,2026-04,Monday,naver_pay,completed,M,64,서울,2024-08-22,전자기기 상품 006,전자기기,5000,5,5000,25000,True,True,True,True
183,76,146,84,2026-06-14,2026-06,Sunday,card,refunded,M,61,성남,2025-12-23,스포츠 상품 084,스포츠,78000,2,78000,156000,True,True,True,True
184,76,146,99,2026-06-14,2026-06,Sunday,card,refunded,M,61,성남,2025-12-23,뷰티 상품 099,뷰티,200000,5,200000,1000000,True,True,True,True
185,76,146,54,2026-06-14,2026-06,Sunday,card,refunded,M,61,성남,2025-12-23,스포츠 상품 054,스포츠,103000,5,103000,515000,True,True,True,True
186,77,26,64,2025-10-23,2025-10,Thursday,bank_transfer,completed,F,56,대구,2023-10-15,식품 상품 064,식품,147000,5,147000,735000,True,True,True,True
187,78,68,83,2026-02-08,2026-02,Sunday,card,completed,F,22,서울,2024-10-17,전자기기 상품 083,전자기기,24000,3,24000,72000,True,True,True,True
188,78,68,62,2026-02-08,2026-02,Sunday,card,completed,F,22,서울,2024-10-17,뷰티 상품 062,뷰티,183000,2,183000,366000,True,True,True,True
189,78,68,88,2026-02-08,2026-02,Sunday,card,completed,F,22,서울,2024-10-17,생활용품 상품 088,생활용품,43000,4,43000,172000,True,True,True,True
190,79,62,59,2025-07-11,2025-07,Friday,bank_transfer,refunded,F,63,광주,2025-10-11,뷰티 상품 059,뷰티,32000,1,32000,32000,True,True,True,True
191,79,62,89,2025-07-11,2025-07,Friday,bank_transfer,refunded,F,63,광주,2025-10-11,생활용품 상품 089,생활용품,103000,1,103000,103000,True,True,True,True
192,79,62,21,2025-07-11,2025-07,Friday,bank_transfer,refunded,F,63,광주,2025-10-11,도서 상품 021,도서,37000,4,37000,148000,True,True,True,True
193,80,20,62,2026-01-24,2026-01,Saturday,bank_transfer,completed,F,20,인천,2024-11-08,뷰티 상품 062,뷰티,183000,4,183000,732000,True,True,True,True
194,80,20,27,2026-01-24,2026-01,Saturday,bank_transfer,completed,F,20,인천,2024-11-08,전자기기 상품 027,전자기기,145000,3,145000,435000,True,True,True,True
195,80,20,78,2026-01-24,2026-01,Saturday,bank_transfer,completed,F,20,인천,2024-11-08,뷰티 상품 078,뷰티,68000,2,68000,136000,True,True,True,True
196,80,20,41,2026-01-24,2026-01,Saturday,bank_transfer,completed,F,20,인천,2024-11-08,스포츠 상품 041,스포츠,163000,3,163000,489000,True,True,True,True
197,81,105,52,2025-09-20,2025-09,Saturday,naver_pay,refunded,M,26,광주,2025-02-16,스포츠 상품 052,스포츠,152000,2,152000,304000,True,True,True,True
198,81,105,98,2025-09-20,2025-09,Saturday,naver_pay,refunded,M,26,광주,2025-02-16,스포츠 상품 098,스포츠,10000,3,10000,30000,True,True,True,True
199,81,105,66,2025-09-20,2025-09,Saturday,naver_pay,refunded,M,26,광주,2025-02-16,전자기기 상품 066,전자기기,39000,5,39000,195000,True,True,True,True
200,82,121,41,2025-08-10,2025-08,Sunday,kakao_pay,completed,M,34,서울,2025-11-06,스포츠 상품 041,스포츠,163000,2,163000,326000,True,True,True,True
201,83,60,16,2025-10-09,2025-10,Thursday,kakao_pay,completed,F,34,성남,2024-06-11,스포츠 상품 016,스포츠,81000,3,81000,243000,True,True,True,True
202,83,60,58,2025-10-09,2025-10,Thursday,kakao_pay,completed,F,34,성남,2024-06-11,식품 상품 058,식품,197000,2,197000,394000,True,True,True,True
203,83,60,19,2025-10-09,2025-10,Thursday,kakao_pay,completed,F,34,성남,2024-06-11,패션 상품 019,패션,108000,1,108000,108000,True,True,True,True
204,83,60,7,2025-10-09,2025-10,Thursday,kakao_pay,completed,F,34,성남,2024-06-11,도서 상품 007,도서,142000,3,142000,426000,True,True,True,True
205,84,117,79,2026-04-13,2026-04,Monday,card,completed,F,65,성남,2026-06-24,뷰티 상품 079,뷰티,168000,4,168000,672000,True,True,True,True
206,84,117,32,2026-04-13,2026-04,Monday,card,completed,F,65,성남,2026-06-24,도서 상품 032,도서,172000,2,172000,344000,True,True,True,True
207,84,117,42,2026-04-13,2026-04,Monday,card,completed,F,65,성남,2026-06-24,패션 상품 042,패션,28000,5,28000,140000,True,True,True,True
208,84,117,93,2026-04-13,2026-04,Monday,card,completed,F,65,성남,2026-06-24,전자기기 상품 093,전자기기,89000,3,89000,267000,True,True,True,True
209,85,68,98,2025-12-12,2025-12,Friday,bank_transfer,cancelled,F,22,서울,2024-10-17,스포츠 상품 098,스포츠,10000,2,10000,20000,True,True,True,True
210,85,68,64,2025-12-12,2025-12,Friday,bank_transfer,cancelled,F,22,서울,2024-10-17,식품 상품 064,식품,147000,5,147000,735000,True,True,True,True
211,86,30,64,2026-01-13,2026-01,Tuesday,bank_transfer,completed,F,32,서울,2023-07-14,식품 상품 064,식품,147000,3,147000,441000,True,True,True,True
212,86,30,64,2026-01-13,2026-01,Tuesday,bank_transfer,completed,F,32,서울,2023-07-14,식품 상품 064,식품,147000,1,147000,147000,True,True,True,True
213,86,30,12,2026-01-13,2026-01,Tuesday,bank_transfer,completed,F,32,서울,2023-07-14,식품 상품 012,식품,175000,4,175000,700000,True,True,True,True
214,86,30,65,2026-01-13,2026-01,Tuesday,bank_transfer,completed,F,32,서울,2023-07-14,생활용품 상품 065,생활용품,36000,4,36000,144000,True,True,True,True
215,87,69,28,2026-02-08,2026-02,Sunday,bank_transfer,completed,F,22,서울,2023-07-23,뷰티 상품 028,뷰티,5000,5,5000,25000,True,True,True,True
216,87,69,46,2026-02-08,2026-02,Sunday,bank_transfer,completed,F,22,서울,2023-07-23,뷰티 상품 046,뷰티,55000,1,55000,55000,True,True,True,True
217,88,16,37,2026-04-28,2026-04,Tuesday,bank_transfer,completed,M,52,부산,2024-07-23,뷰티 상품 037,뷰티,193000,4,193000,772000,True,True,True,True
218,89,146,37,2025-10-09,2025-10,Thursday,kakao_pay,cancelled,M,61,성남,2025-12-23,뷰티 상품 037,뷰티,193000,5,193000,965000,True,True,True,True
219,89,146,2,2025-10-09,2025-10,Thursday,kakao_pay,cancelled,M,61,성남,2025-12-23,도서 상품 002,도서,34000,1,34000,34000,True,True,True,True
220,89,146,56,2025-10-09,2025-10,Thursday,kakao_pay,cancelled,M,61,성남,2025-12-23,생활용품 상품 056,생활용품,42000,2,42000,84000,True,True,True,True
221,89,146,34,2025-10-09,2025-10,Thursday,kakao_pay,cancelled,M,61,성남,2025-12-23,전자기기 상품 034,전자기기,118000,3,118000,354000,True,True,True,True
222,90,32,47,2026-04-02,2026-04,Thursday,naver_pay,completed,F,31,고양,2026-03-06,생활용품 상품 047,생활용품,11000,1,11000,11000,True,True,True,True
223,90,32,52,2026-04-02,2026-04,Thursday,naver_pay,completed,F,31,고양,2026-03-06,스포츠 상품 052,스포츠,152000,1,152000,152000,True,True,True,True
224,90,32,73,2026-04-02,2026-04,Thursday,naver_pay,completed,F,31,고양,2026-03-06,도서 상품 073,도서,114000,5,114000,570000,True,True,True,True
225,90,32,25,2026-04-02,2026-04,Thursday,naver_pay,completed,F,31,고양,2026-03-06,생활용품 상품 025,생활용품,162000,3,162000,486000,True,True,True,True
226,91,104,10,2026-01-08,2026-01,Thursday,kakao_pay,refunded,M,33,광주,2026-06-26,스포츠 상품 010,스포츠,55000,4,55000,220000,True,True,True,True
227,91,104,65,2026-01-08,2026-01,Thursday,kakao_pay,refunded,M,33,광주,2026-06-26,생활용품 상품 065,생활용품,36000,4,36000,144000,True,True,True,True
228,91,104,98,2026-01-08,2026-01,Thursday,kakao_pay,refunded,M,33,광주,2026-06-26,스포츠 상품 098,스포츠,10000,5,10000,50000,True,True,True,True
229,92,139,80,2026-03-15,2026-03,Sunday,naver_pay,cancelled,F,42,서울,2023-11-13,패션 상품 080,패션,138000,5,138000,690000,True,True,True,True
230,92,139,16,2026-03-15,2026-03,Sunday,naver_pay,cancelled,F,42,서울,2023-11-13,스포츠 상품 016,스포츠,81000,2,81000,162000,True,True,True,True
231,92,139,13,2026-03-15,2026-03,Sunday,naver_pay,cancelled,F,42,서울,2023-11-13,패션 상품 013,패션,164000,4,164000,656000,True,True,True,True
232,93,21,44,2026-04-10,2026-04,Friday,card,cancelled,M,23,인천,2026-04-02,생활용품 상품 044,생활용품,177000,5,177000,885000,True,True,True,True
233,93,21,47,2026-04-10,2026-04,Friday,card,cancelled,M,23,인천,2026-04-02,생활용품 상품 047,생활용품,11000,2,11000,22000,True,True,True,True
234,93,21,26,2026-04-10,2026-04,Friday,card,cancelled,M,23,인천,2026-04-02,도서 상품 026,도서,82000,5,82000,410000,True,True,True,True
235,94,83,65,2026-01-14,2026-01,Wednesday,kakao_pay,completed,F,22,수원,2024-02-24,생활용품 상품 065,생활용품,36000,1,36000,36000,True,True,True,True
236,94,83,6,2026-01-14,2026-01,Wednesday,kakao_pay,completed,F,22,수원,2024-02-24,전자기기 상품 006,전자기기,5000,1,5000,5000,True,True,True,True
237,94,83,18,2026-01-14,2026-01,Wednesday,kakao_pay,completed,F,22,수원,2024-02-24,스포츠 상품 018,스포츠,109000,3,109000,327000,True,True,True,True
238,94,83,61,2026-01-14,2026-01,Wednesday,kakao_pay,completed,F,22,수원,2024-02-24,생활용품 상품 061,생활용품,50000,5,50000,250000,True,True,True,True
239,95,24,20,2025-12-29,2025-12,Monday,bank_transfer,refunded,F,41,대전,2025-09-07,스포츠 상품 020,스포츠,80000,5,80000,400000,True,True,True,True
240,95,24,66,2025-12-29,2025-12,Monday,bank_transfer,refunded,F,41,대전,2025-09-07,전자기기 상품 066,전자기기,39000,2,39000,78000,True,True,True,True
241,95,24,42,2025-12-29,2025-12,Monday,bank_transfer,refunded,F,41,대전,2025-09-07,패션 상품 042,패션,28000,5,28000,140000,True,True,True,True
242,95,24,41,2025-12-29,2025-12,Monday,bank_transfer,refunded,F,41,대전,2025-09-07,스포츠 상품 041,스포츠,163000,2,163000,326000,True,True,True,True
243,96,6,79,2026-05-11,2026-05,Monday,kakao_pay,refunded,F,32,성남,2026-06-27,뷰티 상품 079,뷰티,168000,3,168000,504000,True,True,True,True
244,96,6,76,2026-05-11,2026-05,Monday,kakao_pay,refunded,F,32,성남,2026-06-27,스포츠 상품 076,스포츠,126000,3,126000,378000,True,True,True,True
245,96,6,65,2026-05-11,2026-05,Monday,kakao_pay,refunded,F,32,성남,2026-06-27,생활용품 상품 065,생활용품,36000,5,36000,180000,True,True,True,True
246,96,6,69,2026-05-11,2026-05,Monday,kakao_pay,refunded,F,32,성남,2026-06-27,도서 상품 069,도서,157000,4,157000,628000,True,True,True,True
247,97,11,61,2025-07-14,2025-07,Monday,bank_transfer,cancelled,M,35,대구,2025-12-21,생활용품 상품 061,생활용품,50000,1,50000,50000,True,True,True,True
248,97,11,48,2025-07-14,2025-07,Monday,bank_transfer,cancelled,M,35,대구,2025-12-21,식품 상품 048,식품,67000,3,67000,201000,True,True,True,True
249,97,11,87,2025-07-14,2025-07,Monday,bank_transfer,cancelled,M,35,대구,2025-12-21,도서 상품 087,도서,25000,1,25000,25000,True,True,True,True
250,98,133,75,2025-08-13,2025-08,Wednesday,naver_pay,completed,M,67,성남,2026-05-29,전자기기 상품 075,전자기기,45000,3,45000,135000,True,True,True,True
251,98,133,93,2025-08-13,2025-08,Wednesday,naver_pay,completed,M,67,성남,2026-05-29,전자기기 상품 093,전자기기,89000,1,89000,89000,True,True,True,True
252,98,133,77,2025-08-13,2025-08,Wednesday,naver_pay,completed,M,67,성남,2026-05-29,전자기기 상품 077,전자기기,71000,4,71000,284000,True,True,True,True
253,98,133,34,2025-08-13,2025-08,Wednesday,naver_pay,completed,M,67,성남,2026-05-29,전자기기 상품 034,전자기기,118000,5,118000,590000,True,True,True,True
254,99,47,93,2025-10-30,2025-10,Thursday,naver_pay,cancelled,F,36,울산,2025-12-12,전자기기 상품 093,전자기기,89000,1,89000,89000,True,True,True,True
255,99,47,75,2025-10-30,2025-10,Thursday,naver_pay,cancelled,F,36,울산,2025-12-12,전자기기 상품 075,전자기기,45000,4,45000,180000,True,True,True,True
256,100,24,68,2025-10-02,2025-10,Thursday,naver_pay,completed,F,41,대전,2025-09-07,스포츠 상품 068,스포츠,140000,5,140000,700000,True,True,True,True
257,100,24,100,2025-10-02,2025-10,Thursday,naver_pay,completed,F,41,대전,2025-09-07,도서 상품 100,도서,102000,4,102000,408000,True,True,True,True
258,101,105,88,2025-12-12,2025-12,Friday,kakao_pay,completed,M,26,광주,2025-02-16,생활용품 상품 088,생활용품,43000,2,43000,86000,True,True,True,True
259,101,105,5,2025-12-12,2025-12,Friday,kakao_pay,completed,M,26,광주,2025-02-16,식품 상품 005,식품,186000,5,186000,930000,True,True,True,True
260,102,27,25,2026-04-02,2026-04,Thursday,bank_transfer,completed,F,28,수원,2024-08-02,생활용품 상품 025,생활용품,162000,1,162000,162000,True,True,True,True
261,103,106,41,2025-10-10,2025-10,Friday,naver_pay,completed,M,38,부산,2024-10-18,스포츠 상품 041,스포츠,163000,4,163000,652000,True,True,True,True
262,103,106,20,2025-10-10,2025-10,Friday,naver_pay,completed,M,38,부산,2024-10-18,스포츠 상품 020,스포츠,80000,4,80000,320000,True,True,True,True
263,103,106,89,2025-10-10,2025-10,Friday,naver_pay,completed,M,38,부산,2024-10-18,생활용품 상품 089,생활용품,103000,2,103000,206000,True,True,True,True
264,103,106,53,2025-10-10,2025-10,Friday,naver_pay,completed,M,38,부산,2024-10-18,생활용품 상품 053,생활용품,188000,5,188000,940000,True,True,True,True
265,104,103,95,2025-11-03,2025-11,Monday,card,cancelled,M,34,인천,2024-10-17,전자기기 상품 095,전자기기,20000,1,20000,20000,True,True,True,True
266,104,103,91,2025-11-03,2025-11,Monday,card,cancelled,M,34,인천,2024-10-17,스포츠 상품 091,스포츠,59000,2,59000,118000,True,True,True,True
267,104,103,67,2025-11-03,2025-11,Monday,card,cancelled,M,34,인천,2024-10-17,뷰티 상품 067,뷰티,123000,2,123000,246000,True,True,True,True
268,104,103,72,2025-11-03,2025-11,Monday,card,cancelled,M,34,인천,2024-10-17,뷰티 상품 072,뷰티,189000,3,189000,567000,True,True,True,True
269,105,23,68,2026-03-22,2026-03,Sunday,kakao_pay,completed,M,58,대전,2025-12-31,스포츠 상품 068,스포츠,140000,4,140000,560000,True,True,True,True
270,105,23,41,2026-03-22,2026-03,Sunday,kakao_pay,completed,M,58,대전,2025-12-31,스포츠 상품 041,스포츠,163000,2,163000,326000,True,True,True,True
271,105,23,59,2026-03-22,2026-03,Sunday,kakao_pay,completed,M,58,대전,2025-12-31,뷰티 상품 059,뷰티,32000,5,32000,160000,True,True,True,True
272,105,23,44,2026-03-22,2026-03,Sunday,kakao_pay,completed,M,58,대전,2025-12-31,생활용품 상품 044,생활용품,177000,5,177000,885000,True,True,True,True
273,106,83,87,2026-02-18,2026-02,Wednesday,card,cancelled,F,22,수원,2024-02-24,도서 상품 087,도서,25000,3,25000,75000,True,True,True,True
274,106,83,79,2026-02-18,2026-02,Wednesday,card,cancelled,F,22,수원,2024-02-24,뷰티 상품 079,뷰티,168000,4,168000,672000,True,True,True,True
275,106,83,25,2026-02-18,2026-02,Wednesday,card,cancelled,F,22,수원,2024-02-24,생활용품 상품 025,생활용품,162000,2,162000,324000,True,True,True,True
276,107,132,72,2025-11-28,2025-11,Friday,card,refunded,F,60,부산,2024-09-04,뷰티 상품 072,뷰티,189000,3,189000,567000,True,True,True,True
277,107,132,29,2025-11-28,2025-11,Friday,card,refunded,F,60,부산,2024-09-04,패션 상품 029,패션,78000,3,78000,234000,True,True,True,True
278,107,132,99,2025-11-28,2025-11,Friday,card,refunded,F,60,부산,2024-09-04,뷰티 상품 099,뷰티,200000,3,200000,600000,True,True,True,True
279,108,119,89,2026-01-07,2026-01,Wednesday,naver_pay,completed,F,63,대전,2025-11-23,생활용품 상품 089,생활용품,103000,4,103000,412000,True,True,True,True
280,108,119,41,2026-01-07,2026-01,Wednesday,naver_pay,completed,F,63,대전,2025-11-23,스포츠 상품 041,스포츠,163000,4,163000,652000,True,True,True,True
281,109,49,72,2026-02-07,2026-02,Saturday,kakao_pay,refunded,M,50,대구,2025-04-27,뷰티 상품 072,뷰티,189000,3,189000,567000,True,True,True,True
282,109,49,37,2026-02-07,2026-02,Saturday,kakao_pay,refunded,M,50,대구,2025-04-27,뷰티 상품 037,뷰티,193000,1,193000,193000,True,True,True,True
283,109,49,74,2026-02-07,2026-02,Saturday,kakao_pay,refunded,M,50,대구,2025-04-27,뷰티 상품 074,뷰티,145000,5,145000,725000,True,True,True,True
284,110,128,51,2026-01-30,2026-01,Friday,naver_pay,completed,F,41,고양,2026-01-01,전자기기 상품 051,전자기기,111000,3,111000,333000,True,True,True,True
285,110,128,99,2026-01-30,2026-01,Friday,naver_pay,completed,F,41,고양,2026-01-01,뷰티 상품 099,뷰티,200000,2,200000,400000,True,True,True,True
286,110,128,38,2026-01-30,2026-01,Friday,naver_pay,completed,F,41,고양,2026-01-01,생활용품 상품 038,생활용품,173000,1,173000,173000,True,True,True,True
287,110,128,37,2026-01-30,2026-01,Friday,naver_pay,completed,F,41,고양,2026-01-01,뷰티 상품 037,뷰티,193000,1,193000,193000,True,True,True,True
288,111,53,57,2025-11-18,2025-11,Tuesday,kakao_pay,refunded,F,56,대전,2024-07-31,스포츠 상품 057,스포츠,181000,3,181000,543000,True,True,True,True
289,111,53,96,2025-11-18,2025-11,Tuesday,kakao_pay,refunded,F,56,대전,2024-07-31,생활용품 상품 096,생활용품,112000,4,112000,448000,True,True,True,True
290,111,53,28,2025-11-18,2025-11,Tuesday,kakao_pay,refunded,F,56,대전,2024-07-31,뷰티 상품 028,뷰티,5000,2,5000,10000,True,True,True,True
291,112,34,72,2025-12-20,2025-12,Saturday,kakao_pay,cancelled,M,59,수원,2025-10-09,뷰티 상품 072,뷰티,189000,3,189000,567000,True,True,True,True
292,112,34,18,2025-12-20,2025-12,Saturday,kakao_pay,cancelled,M,59,수원,2025-10-09,스포츠 상품 018,스포츠,109000,1,109000,109000,True,True,True,True
293,112,34,79,2025-12-20,2025-12,Saturday,kakao_pay,cancelled,M,59,수원,2025-10-09,뷰티 상품 079,뷰티,168000,5,168000,840000,True,True,True,True
294,113,125,32,2026-04-23,2026-04,Thursday,card,completed,M,28,수원,2023-11-11,도서 상품 032,도서,172000,1,172000,172000,True,True,True,True
295,113,125,86,2026-04-23,2026-04,Thursday,card,completed,M,28,수원,2023-11-11,패션 상품 086,패션,86000,5,86000,430000,True,True,True,True
296,114,62,82,2026-02-06,2026-02,Friday,bank_transfer,completed,F,63,광주,2025-10-11,생활용품 상품 082,생활용품,75000,2,75000,150000,True,True,True,True
297,114,62,7,2026-02-06,2026-02,Friday,bank_transfer,completed,F,63,광주,2025-10-11,도서 상품 007,도서,142000,1,142000,142000,True,True,True,True
298,115,142,43,2025-11-13,2025-11,Thursday,card,refunded,F,32,서울,2023-08-09,뷰티 상품 043,뷰티,197000,4,197000,788000,True,True,True,True
299,115,142,13,2025-11-13,2025-11,Thursday,card,refunded,F,32,서울,2023-08-09,패션 상품 013,패션,164000,2,164000,328000,True,True,True,True
300,115,142,1,2025-11-13,2025-11,Thursday,card,refunded,F,32,서울,2023-08-09,전자기기 상품 001,전자기기,160000,5,160000,800000,True,True,True,True
301,115,142,21,2025-11-13,2025-11,Thursday,card,refunded,F,32,서울,2023-08-09,도서 상품 021,도서,37000,4,37000,148000,True,True,True,True
302,116,105,62,2025-11-21,2025-11,Friday,card,completed,M,26,광주,2025-02-16,뷰티 상품 062,뷰티,183000,2,183000,366000,True,True,True,True
303,116,105,97,2025-11-21,2025-11,Friday,card,completed,M,26,광주,2025-02-16,전자기기 상품 097,전자기기,154000,3,154000,462000,True,True,True,True
304,116,105,42,2025-11-21,2025-11,Friday,card,completed,M,26,광주,2025-02-16,패션 상품 042,패션,28000,3,28000,84000,True,True,True,True
305,116,105,83,2025-11-21,2025-11,Friday,card,completed,M,26,광주,2025-02-16,전자기기 상품 083,전자기기,24000,1,24000,24000,True,True,True,True
306,117,30,84,2026-04-06,2026-04,Monday,naver_pay,completed,F,32,서울,2023-07-14,스포츠 상품 084,스포츠,78000,5,78000,390000,True,True,True,True
307,118,40,69,2025-12-31,2025-12,Wednesday,naver_pay,completed,M,23,서울,2024-06-02,도서 상품 069,도서,157000,1,157000,157000,True,True,True,True
308,118,40,23,2025-12-31,2025-12,Wednesday,naver_pay,completed,M,23,서울,2024-06-02,스포츠 상품 023,스포츠,102000,4,102000,408000,True,True,True,True
309,119,131,5,2025-10-21,2025-10,Tuesday,kakao_pay,cancelled,F,40,인천,2025-11-03,식품 상품 005,식품,186000,4,186000,744000,True,True,True,True
310,119,131,64,2025-10-21,2025-10,Tuesday,kakao_pay,cancelled,F,40,인천,2025-11-03,식품 상품 064,식품,147000,2,147000,294000,True,True,True,True
311,120,124,5,2025-11-04,2025-11,Tuesday,naver_pay,completed,M,67,대구,2024-09-24,식품 상품 005,식품,186000,1,186000,186000,True,True,True,True
312,120,124,39,2025-11-04,2025-11,Tuesday,naver_pay,completed,M,67,대구,2024-09-24,식품 상품 039,식품,77000,5,77000,385000,True,True,True,True
313,120,124,78,2025-11-04,2025-11,Tuesday,naver_pay,completed,M,67,대구,2024-09-24,뷰티 상품 078,뷰티,68000,1,68000,68000,True,True,True,True
314,121,117,37,2025-10-13,2025-10,Monday,bank_transfer,cancelled,F,65,성남,2026-06-24,뷰티 상품 037,뷰티,193000,4,193000,772000,True,True,True,True
315,121,117,83,2025-10-13,2025-10,Monday,bank_transfer,cancelled,F,65,성남,2026-06-24,전자기기 상품 083,전자기기,24000,5,24000,120000,True,True,True,True
316,121,117,68,2025-10-13,2025-10,Monday,bank_transfer,cancelled,F,65,성남,2026-06-24,스포츠 상품 068,스포츠,140000,4,140000,560000,True,True,True,True
317,122,49,65,2025-10-05,2025-10,Sunday,bank_transfer,completed,M,50,대구,2025-04-27,생활용품 상품 065,생활용품,36000,4,36000,144000,True,True,True,True
318,122,49,35,2025-10-05,2025-10,Sunday,bank_transfer,completed,M,50,대구,2025-04-27,스포츠 상품 035,스포츠,59000,2,59000,118000,True,True,True,True
319,123,71,43,2025-08-23,2025-08,Saturday,naver_pay,completed,F,35,수원,2025-01-01,뷰티 상품 043,뷰티,197000,2,197000,394000,True,True,True,True
320,124,130,83,2026-04-14,2026-04,Tuesday,kakao_pay,completed,F,37,대전,2025-03-05,전자기기 상품 083,전자기기,24000,3,24000,72000,True,True,True,True
321,124,130,92,2026-04-14,2026-04,Tuesday,kakao_pay,completed,F,37,대전,2025-03-05,식품 상품 092,식품,111000,2,111000,222000,True,True,True,True
322,124,130,2,2026-04-14,2026-04,Tuesday,kakao_pay,completed,F,37,대전,2025-03-05,도서 상품 002,도서,34000,3,34000,102000,True,True,True,True
323,124,130,38,2026-04-14,2026-04,Tuesday,kakao_pay,completed,F,37,대전,2025-03-05,생활용품 상품 038,생활용품,173000,5,173000,865000,True,True,True,True
324,125,73,23,2025-09-20,2025-09,Saturday,kakao_pay,refunded,M,33,수원,2026-04-19,스포츠 상품 023,스포츠,102000,5,102000,510000,True,True,True,True
325,125,73,82,2025-09-20,2025-09,Saturday,kakao_pay,refunded,M,33,수원,2026-04-19,생활용품 상품 082,생활용품,75000,4,75000,300000,True,True,True,True
326,126,149,66,2025-11-07,2025-11,Friday,naver_pay,completed,M,20,부산,2024-10-19,전자기기 상품 066,전자기기,39000,3,39000,117000,True,True,True,True
327,126,149,12,2025-11-07,2025-11,Friday,naver_pay,completed,M,20,부산,2024-10-19,식품 상품 012,식품,175000,4,175000,700000,True,True,True,True
328,126,149,86,2025-11-07,2025-11,Friday,naver_pay,completed,M,20,부산,2024-10-19,패션 상품 086,패션,86000,1,86000,86000,True,True,True,True
329,126,149,24,2025-11-07,2025-11,Friday,naver_pay,completed,M,20,부산,2024-10-19,스포츠 상품 024,스포츠,196000,2,196000,392000,True,True,True,True
330,127,115,42,2025-08-23,2025-08,Saturday,naver_pay,completed,M,60,부산,2026-06-11,패션 상품 042,패션,28000,2,28000,56000,True,True,True,True
331,127,115,1,2025-08-23,2025-08,Saturday,naver_pay,completed,M,60,부산,2026-06-11,전자기기 상품 001,전자기기,160000,3,160000,480000,True,True,True,True
332,127,115,50,2025-08-23,2025-08,Saturday,naver_pay,completed,M,60,부산,2026-06-11,뷰티 상품 050,뷰티,23000,2,23000,46000,True,True,True,True
333,127,115,58,2025-08-23,2025-08,Saturday,naver_pay,completed,M,60,부산,2026-06-11,식품 상품 058,식품,197000,3,197000,591000,True,True,True,True
334,128,86,39,2026-04-22,2026-04,Wednesday,naver_pay,cancelled,F,44,수원,2026-02-27,식품 상품 039,식품,77000,5,77000,385000,True,True,True,True
335,128,86,93,2026-04-22,2026-04,Wednesday,naver_pay,cancelled,F,44,수원,2026-02-27,전자기기 상품 093,전자기기,89000,5,89000,445000,True,True,True,True
336,128,86,2,2026-04-22,2026-04,Wednesday,naver_pay,cancelled,F,44,수원,2026-02-27,도서 상품 002,도서,34000,3,34000,102000,True,True,True,True
337,129,83,89,2026-02-01,2026-02,Sunday,bank_transfer,completed,F,22,수원,2024-02-24,생활용품 상품 089,생활용품,103000,2,103000,206000,True,True,True,True
338,129,83,8,2026-02-01,2026-02,Sunday,bank_transfer,completed,F,22,수원,2024-02-24,스포츠 상품 008,스포츠,189000,1,189000,189000,True,True,True,True
339,129,83,60,2026-02-01,2026-02,Sunday,bank_transfer,completed,F,22,수원,2024-02-24,뷰티 상품 060,뷰티,113000,3,113000,339000,True,True,True,True
340,130,147,52,2026-04-30,2026-04,Thursday,naver_pay,completed,M,19,부산,2025-02-11,스포츠 상품 052,스포츠,152000,5,152000,760000,True,True,True,True
341,130,147,91,2026-04-30,2026-04,Thursday,naver_pay,completed,M,19,부산,2025-02-11,스포츠 상품 091,스포츠,59000,3,59000,177000,True,True,True,True
342,131,106,82,2026-04-02,2026-04,Thursday,card,completed,M,38,부산,2024-10-18,생활용품 상품 082,생활용품,75000,3,75000,225000,True,True,True,True
343,132,122,79,2025-09-17,2025-09,Wednesday,naver_pay,cancelled,F,58,울산,2025-06-07,뷰티 상품 079,뷰티,168000,2,168000,336000,True,True,True,True
344,132,122,29,2025-09-17,2025-09,Wednesday,naver_pay,cancelled,F,58,울산,2025-06-07,패션 상품 029,패션,78000,2,78000,156000,True,True,True,True
345,132,122,62,2025-09-17,2025-09,Wednesday,naver_pay,cancelled,F,58,울산,2025-06-07,뷰티 상품 062,뷰티,183000,2,183000,366000,True,True,True,True
346,133,39,96,2025-09-20,2025-09,Saturday,naver_pay,completed,M,32,대구,2025-11-09,생활용품 상품 096,생활용품,112000,5,112000,560000,True,True,True,True
347,133,39,48,2025-09-20,2025-09,Saturday,naver_pay,completed,M,32,대구,2025-11-09,식품 상품 048,식품,67000,4,67000,268000,True,True,True,True
348,133,39,90,2025-09-20,2025-09,Saturday,naver_pay,completed,M,32,대구,2025-11-09,스포츠 상품 090,스포츠,44000,5,44000,220000,True,True,True,True
349,133,39,61,2025-09-20,2025-09,Saturday,naver_pay,completed,M,32,대구,2025-11-09,생활용품 상품 061,생활용품,50000,5,50000,250000,True,True,True,True
350,134,33,98,2025-09-30,2025-09,Tuesday,kakao_pay,completed,M,31,수원,2024-03-02,스포츠 상품 098,스포츠,10000,2,10000,20000,True,True,True,True
351,134,33,88,2025-09-30,2025-09,Tuesday,kakao_pay,completed,M,31,수원,2024-03-02,생활용품 상품 088,생활용품,43000,5,43000,215000,True,True,True,True
352,135,113,68,2026-04-20,2026-04,Monday,card,refunded,M,57,성남,2023-10-30,스포츠 상품 068,스포츠,140000,4,140000,560000,True,True,True,True
353,136,117,10,2026-01-12,2026-01,Monday,card,completed,F,65,성남,2026-06-24,스포츠 상품 010,스포츠,55000,5,55000,275000,True,True,True,True
354,136,117,15,2026-01-12,2026-01,Monday,card,completed,F,65,성남,2026-06-24,뷰티 상품 015,뷰티,36000,1,36000,36000,True,True,True,True
355,136,117,71,2026-01-12,2026-01,Monday,card,completed,F,65,성남,2026-06-24,전자기기 상품 071,전자기기,161000,5,161000,805000,True,True,True,True
356,137,105,74,2025-10-23,2025-10,Thursday,bank_transfer,completed,M,26,광주,2025-02-16,뷰티 상품 074,뷰티,145000,5,145000,725000,True,True,True,True
357,137,105,20,2025-10-23,2025-10,Thursday,bank_transfer,completed,M,26,광주,2025-02-16,스포츠 상품 020,스포츠,80000,2,80000,160000,True,True,True,True
358,138,121,67,2026-04-15,2026-04,Wednesday,kakao_pay,completed,M,34,서울,2025-11-06,뷰티 상품 067,뷰티,123000,4,123000,492000,True,True,True,True
359,138,121,15,2026-04-15,2026-04,Wednesday,kakao_pay,completed,M,34,서울,2025-11-06,뷰티 상품 015,뷰티,36000,2,36000,72000,True,True,True,True
360,138,121,92,2026-04-15,2026-04,Wednesday,kakao_pay,completed,M,34,서울,2025-11-06,식품 상품 092,식품,111000,5,111000,555000,True,True,True,True
361,139,102,12,2026-02-21,2026-02,Saturday,card,completed,M,60,고양,2024-12-02,식품 상품 012,식품,175000,5,175000,875000,True,True,True,True
362,139,102,58,2026-02-21,2026-02,Saturday,card,completed,M,60,고양,2024-12-02,식품 상품 058,식품,197000,1,197000,197000,True,True,True,True
363,139,102,59,2026-02-21,2026-02,Saturday,card,completed,M,60,고양,2024-12-02,뷰티 상품 059,뷰티,32000,2,32000,64000,True,True,True,True
364,139,102,66,2026-02-21,2026-02,Saturday,card,completed,M,60,고양,2024-12-02,전자기기 상품 066,전자기기,39000,4,39000,156000,True,True,True,True
365,140,137,73,2026-04-29,2026-04,Wednesday,naver_pay,completed,M,68,울산,2024-11-28,도서 상품 073,도서,114000,1,114000,114000,True,True,True,True
366,140,137,72,2026-04-29,2026-04,Wednesday,naver_pay,completed,M,68,울산,2024-11-28,뷰티 상품 072,뷰티,189000,4,189000,756000,True,True,True,True
367,140,137,87,2026-04-29,2026-04,Wednesday,naver_pay,completed,M,68,울산,2024-11-28,도서 상품 087,도서,25000,3,25000,75000,True,True,True,True
368,140,137,93,2026-04-29,2026-04,Wednesday,naver_pay,completed,M,68,울산,2024-11-28,전자기기 상품 093,전자기기,89000,1,89000,89000,True,True,True,True
369,141,125,33,2026-01-27,2026-01,Tuesday,card,refunded,M,28,수원,2023-11-11,패션 상품 033,패션,124000,1,124000,124000,True,True,True,True
370,141,125,96,2026-01-27,2026-01,Tuesday,card,refunded,M,28,수원,2023-11-11,생활용품 상품 096,생활용품,112000,2,112000,224000,True,True,True,True
371,141,125,75,2026-01-27,2026-01,Tuesday,card,refunded,M,28,수원,2023-11-11,전자기기 상품 075,전자기기,45000,1,45000,45000,True,True,True,True
372,141,125,6,2026-01-27,2026-01,Tuesday,card,refunded,M,28,수원,2023-11-11,전자기기 상품 006,전자기기,5000,4,5000,20000,True,True,True,True
373,142,18,90,2026-02-24,2026-02,Tuesday,bank_transfer,completed,M,58,고양,2023-10-03,스포츠 상품 090,스포츠,44000,1,44000,44000,True,True,True,True
374,142,18,70,2026-02-24,2026-02,Tuesday,bank_transfer,completed,M,58,고양,2023-10-03,패션 상품 070,패션,198000,1,198000,198000,True,True,True,True
375,142,18,9,2026-02-24,2026-02,Tuesday,bank_transfer,completed,M,58,고양,2023-10-03,스포츠 상품 009,스포츠,193000,4,193000,772000,True,True,True,True
376,143,59,37,2025-10-25,2025-10,Saturday,card,cancelled,F,26,수원,2025-11-18,뷰티 상품 037,뷰티,193000,4,193000,772000,True,True,True,True
377,144,26,99,2025-08-16,2025-08,Saturday,card,cancelled,F,56,대구,2023-10-15,뷰티 상품 099,뷰티,200000,2,200000,400000,True,True,True,True
378,144,26,99,2025-08-16,2025-08,Saturday,card,cancelled,F,56,대구,2023-10-15,뷰티 상품 099,뷰티,200000,4,200000,800000,True,True,True,True
379,145,43,49,2026-05-27,2026-05,Wednesday,kakao_pay,completed,M,42,고양,2023-08-10,전자기기 상품 049,전자기기,161000,4,161000,644000,True,True,True,True
380,145,43,49,2026-05-27,2026-05,Wednesday,kakao_pay,completed,M,42,고양,2023-08-10,전자기기 상품 049,전자기기,161000,4,161000,644000,True,True,True,True
381,145,43,11,2026-05-27,2026-05,Wednesday,kakao_pay,completed,M,42,고양,2023-08-10,패션 상품 011,패션,115000,5,115000,575000,True,True,True,True
382,146,12,84,2025-09-21,2025-09,Sunday,kakao_pay,completed,F,66,대전,2024-09-30,스포츠 상품 084,스포츠,78000,3,78000,234000,True,True,True,True
383,146,12,16,2025-09-21,2025-09,Sunday,kakao_pay,completed,F,66,대전,2024-09-30,스포츠 상품 016,스포츠,81000,2,81000,162000,True,True,True,True
384,147,76,68,2025-10-31,2025-10,Friday,kakao_pay,completed,M,45,울산,2024-05-31,스포츠 상품 068,스포츠,140000,2,140000,280000,True,True,True,True
385,147,76,94,2025-10-31,2025-10,Friday,kakao_pay,completed,M,45,울산,2024-05-31,도서 상품 094,도서,124000,2,124000,248000,True,True,True,True
386,147,76,1,2025-10-31,2025-10,Friday,kakao_pay,completed,M,45,울산,2024-05-31,전자기기 상품 001,전자기기,160000,1,160000,160000,True,True,True,True
387,147,76,39,2025-10-31,2025-10,Friday,kakao_pay,completed,M,45,울산,2024-05-31,식품 상품 039,식품,77000,4,77000,308000,True,True,True,True
388,148,111,69,2025-10-04,2025-10,Saturday,bank_transfer,completed,F,41,광주,2026-05-19,도서 상품 069,도서,157000,4,157000,628000,True,True,True,True
389,148,111,30,2025-10-04,2025-10,Saturday,bank_transfer,completed,F,41,광주,2026-05-19,생활용품 상품 030,생활용품,115000,2,115000,230000,True,True,True,True
390,148,111,59,2025-10-04,2025-10,Saturday,bank_transfer,completed,F,41,광주,2026-05-19,뷰티 상품 059,뷰티,32000,3,32000,96000,True,True,True,True
391,148,111,20,2025-10-04,2025-10,Saturday,bank_transfer,completed,F,41,광주,2026-05-19,스포츠 상품 020,스포츠,80000,3,80000,240000,True,True,True,True
392,149,136,93,2025-11-25,2025-11,Tuesday,naver_pay,refunded,M,19,대구,2024-02-04,전자기기 상품 093,전자기기,89000,1,89000,89000,True,True,True,True
393,149,136,5,2025-11-25,2025-11,Tuesday,naver_pay,refunded,M,19,대구,2024-02-04,식품 상품 005,식품,186000,4,186000,744000,True,True,True,True
394,150,47,31,2025-09-15,2025-09,Monday,bank_transfer,completed,F,36,울산,2025-12-12,뷰티 상품 031,뷰티,153000,2,153000,306000,True,True,True,True
395,151,21,13,2025-11-02,2025-11,Sunday,naver_pay,refunded,M,23,인천,2026-04-02,패션 상품 013,패션,164000,5,164000,820000,True,True,True,True
396,152,62,58,2025-07-13,2025-07,Sunday,naver_pay,refunded,F,63,광주,2025-10-11,식품 상품 058,식품,197000,5,197000,985000,True,True,True,True
397,153,37,32,2026-04-08,2026-04,Wednesday,bank_transfer,cancelled,M,65,고양,2023-11-08,도서 상품 032,도서,172000,1,172000,172000,True,True,True,True
398,154,66,57,2026-01-31,2026-01,Saturday,naver_pay,completed,F,39,서울,2025-12-03,스포츠 상품 057,스포츠,181000,2,181000,362000,True,True,True,True
399,154,66,70,2026-01-31,2026-01,Saturday,naver_pay,completed,F,39,서울,2025-12-03,패션 상품 070,패션,198000,2,198000,396000,True,True,True,True
400,154,66,97,2026-01-31,2026-01,Saturday,naver_pay,completed,F,39,서울,2025-12-03,전자기기 상품 097,전자기기,154000,1,154000,154000,True,True,True,True
401,154,66,18,2026-01-31,2026-01,Saturday,naver_pay,completed,F,39,서울,2025-12-03,스포츠 상품 018,스포츠,109000,5,109000,545000,True,True,True,True
402,155,3,30,2025-08-26,2025-08,Tuesday,naver_pay,completed,F,61,성남,2024-06-12,생활용품 상품 030,생활용품,115000,5,115000,575000,True,True,True,True
403,155,3,41,2025-08-26,2025-08,Tuesday,naver_pay,completed,F,61,성남,2024-06-12,스포츠 상품 041,스포츠,163000,5,163000,815000,True,True,True,True
404,155,3,77,2025-08-26,2025-08,Tuesday,naver_pay,completed,F,61,성남,2024-06-12,전자기기 상품 077,전자기기,71000,3,71000,213000,True,True,True,True
405,156,140,39,2025-10-22,2025-10,Wednesday,bank_transfer,completed,M,32,인천,2025-01-02,식품 상품 039,식품,77000,2,77000,154000,True,True,True,True
406,156,140,85,2025-10-22,2025-10,Wednesday,bank_transfer,completed,M,32,인천,2025-01-02,생활용품 상품 085,생활용품,74000,5,74000,370000,True,True,True,True
407,157,114,53,2025-07-25,2025-07,Friday,kakao_pay,refunded,F,60,성남,2026-06-24,생활용품 상품 053,생활용품,188000,3,188000,564000,True,True,True,True
408,157,114,36,2025-07-25,2025-07,Friday,kakao_pay,refunded,F,60,성남,2026-06-24,도서 상품 036,도서,126000,1,126000,126000,True,True,True,True
409,158,77,81,2025-07-29,2025-07,Tuesday,naver_pay,completed,M,64,서울,2024-08-22,전자기기 상품 081,전자기기,165000,4,165000,660000,True,True,True,True
410,158,77,72,2025-07-29,2025-07,Tuesday,naver_pay,completed,M,64,서울,2024-08-22,뷰티 상품 072,뷰티,189000,4,189000,756000,True,True,True,True
411,159,117,45,2026-02-07,2026-02,Saturday,kakao_pay,completed,F,65,성남,2026-06-24,패션 상품 045,패션,62000,4,62000,248000,True,True,True,True
412,160,99,90,2025-10-29,2025-10,Wednesday,naver_pay,completed,M,25,고양,2025-12-20,스포츠 상품 090,스포츠,44000,4,44000,176000,True,True,True,True
413,160,99,53,2025-10-29,2025-10,Wednesday,naver_pay,completed,M,25,고양,2025-12-20,생활용품 상품 053,생활용품,188000,2,188000,376000,True,True,True,True
414,160,99,39,2025-10-29,2025-10,Wednesday,naver_pay,completed,M,25,고양,2025-12-20,식품 상품 039,식품,77000,4,77000,308000,True,True,True,True
415,161,61,97,2026-04-04,2026-04,Saturday,naver_pay,refunded,M,31,성남,2024-11-07,전자기기 상품 097,전자기기,154000,5,154000,770000,True,True,True,True
416,161,61,61,2026-04-04,2026-04,Saturday,naver_pay,refunded,M,31,성남,2024-11-07,생활용품 상품 061,생활용품,50000,2,50000,100000,True,True,True,True
417,162,92,39,2025-08-26,2025-08,Tuesday,kakao_pay,completed,M,31,서울,2025-06-23,식품 상품 039,식품,77000,2,77000,154000,True,True,True,True
418,162,92,60,2025-08-26,2025-08,Tuesday,kakao_pay,completed,M,31,서울,2025-06-23,뷰티 상품 060,뷰티,113000,1,113000,113000,True,True,True,True
419,163,6,54,2026-03-12,2026-03,Thursday,naver_pay,completed,F,32,성남,2026-06-27,스포츠 상품 054,스포츠,103000,5,103000,515000,True,True,True,True
420,163,6,68,2026-03-12,2026-03,Thursday,naver_pay,completed,F,32,성남,2026-06-27,스포츠 상품 068,스포츠,140000,2,140000,280000,True,True,True,True
421,163,6,50,2026-03-12,2026-03,Thursday,naver_pay,completed,F,32,성남,2026-06-27,뷰티 상품 050,뷰티,23000,2,23000,46000,True,True,True,True
422,163,6,33,2026-03-12,2026-03,Thursday,naver_pay,completed,F,32,성남,2026-06-27,패션 상품 033,패션,124000,2,124000,248000,True,True,True,True
423,164,3,83,2026-06-10,2026-06,Wednesday,card,refunded,F,61,성남,2024-06-12,전자기기 상품 083,전자기기,24000,1,24000,24000,True,True,True,True
424,164,3,58,2026-06-10,2026-06,Wednesday,card,refunded,F,61,성남,2024-06-12,식품 상품 058,식품,197000,3,197000,591000,True,True,True,True
425,164,3,12,2026-06-10,2026-06,Wednesday,card,refunded,F,61,성남,2024-06-12,식품 상품 012,식품,175000,5,175000,875000,True,True,True,True
426,165,128,7,2026-04-26,2026-04,Sunday,kakao_pay,completed,F,41,고양,2026-01-01,도서 상품 007,도서,142000,3,142000,426000,True,True,True,True
427,165,128,49,2026-04-26,2026-04,Sunday,kakao_pay,completed,F,41,고양,2026-01-01,전자기기 상품 049,전자기기,161000,5,161000,805000,True,True,True,True
428,166,91,10,2026-01-14,2026-01,Wednesday,bank_transfer,completed,M,27,인천,2023-09-07,스포츠 상품 010,스포츠,55000,2,55000,110000,True,True,True,True
429,167,65,62,2025-08-16,2025-08,Saturday,bank_transfer,completed,F,33,인천,2026-01-17,뷰티 상품 062,뷰티,183000,2,183000,366000,True,True,True,True
430,167,65,43,2025-08-16,2025-08,Saturday,bank_transfer,completed,F,33,인천,2026-01-17,뷰티 상품 043,뷰티,197000,3,197000,591000,True,True,True,True
431,168,11,28,2026-06-11,2026-06,Thursday,kakao_pay,cancelled,M,35,대구,2025-12-21,뷰티 상품 028,뷰티,5000,2,5000,10000,True,True,True,True
432,169,9,96,2025-07-12,2025-07,Saturday,kakao_pay,completed,M,69,서울,2025-10-19,생활용품 상품 096,생활용품,112000,4,112000,448000,True,True,True,True
433,170,24,90,2026-02-15,2026-02,Sunday,kakao_pay,completed,F,41,대전,2025-09-07,스포츠 상품 090,스포츠,44000,5,44000,220000,True,True,True,True
434,170,24,91,2026-02-15,2026-02,Sunday,kakao_pay,completed,F,41,대전,2025-09-07,스포츠 상품 091,스포츠,59000,2,59000,118000,True,True,True,True
435,171,107,31,2025-10-26,2025-10,Sunday,bank_transfer,completed,F,47,고양,2024-05-30,뷰티 상품 031,뷰티,153000,5,153000,765000,True,True,True,True
436,171,107,42,2025-10-26,2025-10,Sunday,bank_transfer,completed,F,47,고양,2024-05-30,패션 상품 042,패션,28000,3,28000,84000,True,True,True,True
437,171,107,49,2025-10-26,2025-10,Sunday,bank_transfer,completed,F,47,고양,2024-05-30,전자기기 상품 049,전자기기,161000,4,161000,644000,True,True,True,True
438,171,107,69,2025-10-26,2025-10,Sunday,bank_transfer,completed,F,47,고양,2024-05-30,도서 상품 069,도서,157000,3,157000,471000,True,True,True,True
439,172,34,34,2026-01-06,2026-01,Tuesday,kakao_pay,refunded,M,59,수원,2025-10-09,전자기기 상품 034,전자기기,118000,3,118000,354000,True,True,True,True
440,172,34,66,2026-01-06,2026-01,Tuesday,kakao_pay,refunded,M,59,수원,2025-10-09,전자기기 상품 066,전자기기,39000,4,39000,156000,True,True,True,True
441,172,34,60,2026-01-06,2026-01,Tuesday,kakao_pay,refunded,M,59,수원,2025-10-09,뷰티 상품 060,뷰티,113000,1,113000,113000,True,True,True,True
442,173,129,98,2026-01-09,2026-01,Friday,kakao_pay,completed,F,45,대구,2025-12-19,스포츠 상품 098,스포츠,10000,3,10000,30000,True,True,True,True
443,173,129,27,2026-01-09,2026-01,Friday,kakao_pay,completed,F,45,대구,2025-12-19,전자기기 상품 027,전자기기,145000,3,145000,435000,True,True,True,True
444,173,129,41,2026-01-09,2026-01,Friday,kakao_pay,completed,F,45,대구,2025-12-19,스포츠 상품 041,스포츠,163000,4,163000,652000,True,True,True,True
445,173,129,6,2026-01-09,2026-01,Friday,kakao_pay,completed,F,45,대구,2025-12-19,전자기기 상품 006,전자기기,5000,5,5000,25000,True,True,True,True
446,174,66,95,2025-12-26,2025-12,Friday,naver_pay,completed,F,39,서울,2025-12-03,전자기기 상품 095,전자기기,20000,2,20000,40000,True,True,True,True
447,174,66,3,2025-12-26,2025-12,Friday,naver_pay,completed,F,39,서울,2025-12-03,전자기기 상품 003,전자기기,152000,3,152000,456000,True,True,True,True
448,175,87,38,2025-11-17,2025-11,Monday,card,cancelled,M,31,울산,2024-03-17,생활용품 상품 038,생활용품,173000,2,173000,346000,True,True,True,True
449,175,87,26,2025-11-17,2025-11,Monday,card,cancelled,M,31,울산,2024-03-17,도서 상품 026,도서,82000,3,82000,246000,True,True,True,True
450,175,87,30,2025-11-17,2025-11,Monday,card,cancelled,M,31,울산,2024-03-17,생활용품 상품 030,생활용품,115000,4,115000,460000,True,True,True,True
451,175,87,73,2025-11-17,2025-11,Monday,card,cancelled,M,31,울산,2024-03-17,도서 상품 073,도서,114000,2,114000,228000,True,True,True,True
452,176,20,71,2025-09-17,2025-09,Wednesday,bank_transfer,completed,F,20,인천,2024-11-08,전자기기 상품 071,전자기기,161000,3,161000,483000,True,True,True,True
453,176,20,33,2025-09-17,2025-09,Wednesday,bank_transfer,completed,F,20,인천,2024-11-08,패션 상품 033,패션,124000,4,124000,496000,True,True,True,True
454,176,20,93,2025-09-17,2025-09,Wednesday,bank_transfer,completed,F,20,인천,2024-11-08,전자기기 상품 093,전자기기,89000,4,89000,356000,True,True,True,True
455,176,20,59,2025-09-17,2025-09,Wednesday,bank_transfer,completed,F,20,인천,2024-11-08,뷰티 상품 059,뷰티,32000,2,32000,64000,True,True,True,True
456,177,102,22,2025-07-27,2025-07,Sunday,kakao_pay,completed,M,60,고양,2024-12-02,생활용품 상품 022,생활용품,112000,2,112000,224000,True,True,True,True
457,177,102,93,2025-07-27,2025-07,Sunday,kakao_pay,completed,M,60,고양,2024-12-02,전자기기 상품 093,전자기기,89000,5,89000,445000,True,True,True,True
458,177,102,63,2025-07-27,2025-07,Sunday,kakao_pay,completed,M,60,고양,2024-12-02,도서 상품 063,도서,123000,2,123000,246000,True,True,True,True
459,178,102,68,2025-10-14,2025-10,Tuesday,card,completed,M,60,고양,2024-12-02,스포츠 상품 068,스포츠,140000,1,140000,140000,True,True,True,True
460,179,138,86,2026-07-08,2026-07,Wednesday,card,cancelled,F,35,대구,2025-02-16,패션 상품 086,패션,86000,1,86000,86000,True,True,True,True
461,180,95,53,2026-06-07,2026-06,Sunday,kakao_pay,refunded,M,50,성남,2025-03-20,생활용품 상품 053,생활용품,188000,2,188000,376000,True,True,True,True
462,181,98,9,2026-01-09,2026-01,Friday,kakao_pay,completed,F,61,인천,2024-11-07,스포츠 상품 009,스포츠,193000,2,193000,386000,True,True,True,True
463,181,98,2,2026-01-09,2026-01,Friday,kakao_pay,completed,F,61,인천,2024-11-07,도서 상품 002,도서,34000,2,34000,68000,True,True,True,True
464,182,60,48,2025-08-21,2025-08,Thursday,naver_pay,completed,F,34,성남,2024-06-11,식품 상품 048,식품,67000,1,67000,67000,True,True,True,True
465,182,60,80,2025-08-21,2025-08,Thursday,naver_pay,completed,F,34,성남,2024-06-11,패션 상품 080,패션,138000,5,138000,690000,True,True,True,True
466,182,60,62,2025-08-21,2025-08,Thursday,naver_pay,completed,F,34,성남,2024-06-11,뷰티 상품 062,뷰티,183000,4,183000,732000,True,True,True,True
467,182,60,3,2025-08-21,2025-08,Thursday,naver_pay,completed,F,34,성남,2024-06-11,전자기기 상품 003,전자기기,152000,1,152000,152000,True,True,True,True
468,183,144,2,2026-05-23,2026-05,Saturday,kakao_pay,refunded,M,22,광주,2025-02-01,도서 상품 002,도서,34000,1,34000,34000,True,True,True,True
469,183,144,68,2026-05-23,2026-05,Saturday,kakao_pay,refunded,M,22,광주,2025-02-01,스포츠 상품 068,스포츠,140000,3,140000,420000,True,True,True,True
470,183,144,69,2026-05-23,2026-05,Saturday,kakao_pay,refunded,M,22,광주,2025-02-01,도서 상품 069,도서,157000,3,157000,471000,True,True,True,True
471,183,144,3,2026-05-23,2026-05,Saturday,kakao_pay,refunded,M,22,광주,2025-02-01,전자기기 상품 003,전자기기,152000,5,152000,760000,True,True,True,True
472,184,57,23,2025-08-02,2025-08,Saturday,card,cancelled,F,23,수원,2023-10-08,스포츠 상품 023,스포츠,102000,1,102000,102000,True,True,True,True
473,184,57,13,2025-08-02,2025-08,Saturday,card,cancelled,F,23,수원,2023-10-08,패션 상품 013,패션,164000,5,164000,820000,True,True,True,True
474,184,57,20,2025-08-02,2025-08,Saturday,card,cancelled,F,23,수원,2023-10-08,스포츠 상품 020,스포츠,80000,2,80000,160000,True,True,True,True
475,184,57,25,2025-08-02,2025-08,Saturday,card,cancelled,F,23,수원,2023-10-08,생활용품 상품 025,생활용품,162000,5,162000,810000,True,True,True,True
476,185,78,46,2025-12-10,2025-12,Wednesday,naver_pay,completed,F,21,울산,2023-09-25,뷰티 상품 046,뷰티,55000,3,55000,165000,True,True,True,True
477,185,78,51,2025-12-10,2025-12,Wednesday,naver_pay,completed,F,21,울산,2023-09-25,전자기기 상품 051,전자기기,111000,1,111000,111000,True,True,True,True
478,185,78,48,2025-12-10,2025-12,Wednesday,naver_pay,completed,F,21,울산,2023-09-25,식품 상품 048,식품,67000,4,67000,268000,True,True,True,True
479,186,36,73,2026-01-14,2026-01,Wednesday,card,completed,F,65,성남,2024-10-28,도서 상품 073,도서,114000,2,114000,228000,True,True,True,True
480,186,36,90,2026-01-14,2026-01,Wednesday,card,completed,F,65,성남,2024-10-28,스포츠 상품 090,스포츠,44000,2,44000,88000,True,True,True,True
481,186,36,39,2026-01-14,2026-01,Wednesday,card,completed,F,65,성남,2024-10-28,식품 상품 039,식품,77000,1,77000,77000,True,True,True,True
482,186,36,84,2026-01-14,2026-01,Wednesday,card,completed,F,65,성남,2024-10-28,스포츠 상품 084,스포츠,78000,1,78000,78000,True,True,True,True
483,187,78,52,2025-08-05,2025-08,Tuesday,naver_pay,completed,F,21,울산,2023-09-25,스포츠 상품 052,스포츠,152000,4,152000,608000,True,True,True,True
484,188,25,71,2026-02-17,2026-02,Tuesday,bank_transfer,refunded,F,60,광주,2024-03-02,전자기기 상품 071,전자기기,161000,4,161000,644000,True,True,True,True
485,188,25,8,2026-02-17,2026-02,Tuesday,bank_transfer,refunded,F,60,광주,2024-03-02,스포츠 상품 008,스포츠,189000,1,189000,189000,True,True,True,True
486,188,25,90,2026-02-17,2026-02,Tuesday,bank_transfer,refunded,F,60,광주,2024-03-02,스포츠 상품 090,스포츠,44000,2,44000,88000,True,True,True,True
487,188,25,11,2026-02-17,2026-02,Tuesday,bank_transfer,refunded,F,60,광주,2024-03-02,패션 상품 011,패션,115000,4,115000,460000,True,True,True,True
488,189,35,83,2026-03-09,2026-03,Monday,naver_pay,cancelled,F,34,대구,2023-12-29,전자기기 상품 083,전자기기,24000,3,24000,72000,True,True,True,True
489,189,35,73,2026-03-09,2026-03,Monday,naver_pay,cancelled,F,34,대구,2023-12-29,도서 상품 073,도서,114000,1,114000,114000,True,True,True,True
490,189,35,68,2026-03-09,2026-03,Monday,naver_pay,cancelled,F,34,대구,2023-12-29,스포츠 상품 068,스포츠,140000,1,140000,140000,True,True,True,True
491,189,35,30,2026-03-09,2026-03,Monday,naver_pay,cancelled,F,34,대구,2023-12-29,생활용품 상품 030,생활용품,115000,2,115000,230000,True,True,True,True
492,190,95,35,2026-03-31,2026-03,Tuesday,naver_pay,refunded,M,50,성남,2025-03-20,스포츠 상품 035,스포츠,59000,1,59000,59000,True,True,True,True
493,190,95,10,2026-03-31,2026-03,Tuesday,naver_pay,refunded,M,50,성남,2025-03-20,스포츠 상품 010,스포츠,55000,3,55000,165000,True,True,True,True
494,190,95,70,2026-03-31,2026-03,Tuesday,naver_pay,refunded,M,50,성남,2025-03-20,패션 상품 070,패션,198000,5,198000,990000,True,True,True,True
495,190,95,85,2026-03-31,2026-03,Tuesday,naver_pay,refunded,M,50,성남,2025-03-20,생활용품 상품 085,생활용품,74000,1,74000,74000,True,True,True,True
496,191,40,41,2025-07-28,2025-07,Monday,naver_pay,completed,M,23,서울,2024-06-02,스포츠 상품 041,스포츠,163000,1,163000,163000,True,True,True,True
497,191,40,27,2025-07-28,2025-07,Monday,naver_pay,completed,M,23,서울,2024-06-02,전자기기 상품 027,전자기기,145000,5,145000,725000,True,True,True,True
498,192,126,97,2025-09-04,2025-09,Thursday,naver_pay,completed,M,53,서울,2024-06-05,전자기기 상품 097,전자기기,154000,4,154000,616000,True,True,True,True
499,192,126,10,2025-09-04,2025-09,Thursday,naver_pay,completed,M,53,서울,2024-06-05,스포츠 상품 010,스포츠,55000,3,55000,165000,True,True,True,True
500,193,9,73,2025-09-03,2025-09,Wednesday,kakao_pay,completed,M,69,서울,2025-10-19,도서 상품 073,도서,114000,2,114000,228000,True,True,True,True
501,193,9,73,2025-09-03,2025-09,Wednesday,kakao_pay,completed,M,69,서울,2025-10-19,도서 상품 073,도서,114000,4,114000,456000,True,True,True,True
502,194,114,50,2026-05-19,2026-05,Tuesday,naver_pay,completed,F,60,성남,2026-06-24,뷰티 상품 050,뷰티,23000,2,23000,46000,True,True,True,True
503,194,114,89,2026-05-19,2026-05,Tuesday,naver_pay,completed,F,60,성남,2026-06-24,생활용품 상품 089,생활용품,103000,1,103000,103000,True,True,True,True
504,194,114,65,2026-05-19,2026-05,Tuesday,naver_pay,completed,F,60,성남,2026-06-24,생활용품 상품 065,생활용품,36000,3,36000,108000,True,True,True,True
505,195,93,13,2026-02-11,2026-02,Wednesday,card,completed,F,65,대전,2024-06-19,패션 상품 013,패션,164000,4,164000,656000,True,True,True,True
506,196,140,10,2025-11-02,2025-11,Sunday,kakao_pay,completed,M,32,인천,2025-01-02,스포츠 상품 010,스포츠,55000,3,55000,165000,True,True,True,True
507,196,140,78,2025-11-02,2025-11,Sunday,kakao_pay,completed,M,32,인천,2025-01-02,뷰티 상품 078,뷰티,68000,5,68000,340000,True,True,True,True
508,197,102,100,2025-08-10,2025-08,Sunday,kakao_pay,completed,M,60,고양,2024-12-02,도서 상품 100,도서,102000,3,102000,306000,True,True,True,True
509,197,102,4,2025-08-10,2025-08,Sunday,kakao_pay,completed,M,60,고양,2024-12-02,생활용품 상품 004,생활용품,70000,3,70000,210000,True,True,True,True
510,197,102,58,2025-08-10,2025-08,Sunday,kakao_pay,completed,M,60,고양,2024-12-02,식품 상품 058,식품,197000,4,197000,788000,True,True,True,True
511,197,102,30,2025-08-10,2025-08,Sunday,kakao_pay,completed,M,60,고양,2024-12-02,생활용품 상품 030,생활용품,115000,3,115000,345000,True,True,True,True
512,198,32,56,2025-10-12,2025-10,Sunday,naver_pay,completed,F,31,고양,2026-03-06,생활용품 상품 056,생활용품,42000,2,42000,84000,True,True,True,True
513,198,32,88,2025-10-12,2025-10,Sunday,naver_pay,completed,F,31,고양,2026-03-06,생활용품 상품 088,생활용품,43000,5,43000,215000,True,True,True,True
514,198,32,85,2025-10-12,2025-10,Sunday,naver_pay,completed,F,31,고양,2026-03-06,생활용품 상품 085,생활용품,74000,4,74000,296000,True,True,True,True
515,198,32,11,2025-10-12,2025-10,Sunday,naver_pay,completed,F,31,고양,2026-03-06,패션 상품 011,패션,115000,5,115000,575000,True,True,True,True
516,199,55,32,2025-08-23,2025-08,Saturday,card,completed,M,69,광주,2023-07-31,도서 상품 032,도서,172000,1,172000,172000,True,True,True,True
517,199,55,11,2025-08-23,2025-08,Saturday,card,completed,M,69,광주,2023-07-31,패션 상품 011,패션,115000,3,115000,345000,True,True,True,True
518,199,55,20,2025-08-23,2025-08,Saturday,card,completed,M,69,광주,2023-07-31,스포츠 상품 020,스포츠,80000,4,80000,320000,True,True,True,True
519,200,86,95,2026-02-09,2026-02,Monday,bank_transfer,completed,F,44,수원,2026-02-27,전자기기 상품 095,전자기기,20000,4,20000,80000,True,True,True,True
520,200,86,41,2026-02-09,2026-02,Monday,bank_transfer,completed,F,44,수원,2026-02-27,스포츠 상품 041,스포츠,163000,3,163000,489000,True,True,True,True
521,201,145,12,2026-04-30,2026-04,Thursday,bank_transfer,completed,M,59,성남,2024-01-02,식품 상품 012,식품,175000,1,175000,175000,True,True,True,True
522,202,142,57,2025-12-16,2025-12,Tuesday,bank_transfer,refunded,F,32,서울,2023-08-09,스포츠 상품 057,스포츠,181000,3,181000,543000,True,True,True,True
523,202,142,98,2025-12-16,2025-12,Tuesday,bank_transfer,refunded,F,32,서울,2023-08-09,스포츠 상품 098,스포츠,10000,3,10000,30000,True,True,True,True
524,202,142,14,2025-12-16,2025-12,Tuesday,bank_transfer,refunded,F,32,서울,2023-08-09,패션 상품 014,패션,174000,2,174000,348000,True,True,True,True
525,203,56,24,2026-02-28,2026-02,Saturday,bank_transfer,completed,F,21,인천,2024-03-23,스포츠 상품 024,스포츠,196000,4,196000,784000,True,True,True,True
526,204,38,72,2026-02-24,2026-02,Tuesday,card,completed,M,55,울산,2025-10-13,뷰티 상품 072,뷰티,189000,5,189000,945000,True,True,True,True
527,204,38,66,2026-02-24,2026-02,Tuesday,card,completed,M,55,울산,2025-10-13,전자기기 상품 066,전자기기,39000,4,39000,156000,True,True,True,True
528,204,38,14,2026-02-24,2026-02,Tuesday,card,completed,M,55,울산,2025-10-13,패션 상품 014,패션,174000,1,174000,174000,True,True,True,True
529,204,38,12,2026-02-24,2026-02,Tuesday,card,completed,M,55,울산,2025-10-13,식품 상품 012,식품,175000,3,175000,525000,True,True,True,True
530,205,38,77,2026-05-11,2026-05,Monday,bank_transfer,refunded,M,55,울산,2025-10-13,전자기기 상품 077,전자기기,71000,5,71000,355000,True,True,True,True
531,206,65,50,2026-03-05,2026-03,Thursday,bank_transfer,completed,F,33,인천,2026-01-17,뷰티 상품 050,뷰티,23000,1,23000,23000,True,True,True,True
532,206,65,38,2026-03-05,2026-03,Thursday,bank_transfer,completed,F,33,인천,2026-01-17,생활용품 상품 038,생활용품,173000,4,173000,692000,True,True,True,True
533,206,65,50,2026-03-05,2026-03,Thursday,bank_transfer,completed,F,33,인천,2026-01-17,뷰티 상품 050,뷰티,23000,1,23000,23000,True,True,True,True
534,207,7,74,2025-10-03,2025-10,Friday,bank_transfer,completed,F,53,인천,2024-12-12,뷰티 상품 074,뷰티,145000,5,145000,725000,True,True,True,True
535,207,7,22,2025-10-03,2025-10,Friday,bank_transfer,completed,F,53,인천,2024-12-12,생활용품 상품 022,생활용품,112000,4,112000,448000,True,True,True,True
536,208,92,18,2026-05-05,2026-05,Tuesday,bank_transfer,refunded,M,31,서울,2025-06-23,스포츠 상품 018,스포츠,109000,3,109000,327000,True,True,True,True
537,208,92,39,2026-05-05,2026-05,Tuesday,bank_transfer,refunded,M,31,서울,2025-06-23,식품 상품 039,식품,77000,3,77000,231000,True,True,True,True
538,209,83,19,2026-01-26,2026-01,Monday,card,completed,F,22,수원,2024-02-24,패션 상품 019,패션,108000,1,108000,108000,True,True,True,True
539,209,83,22,2026-01-26,2026-01,Monday,card,completed,F,22,수원,2024-02-24,생활용품 상품 022,생활용품,112000,4,112000,448000,True,True,True,True
540,209,83,36,2026-01-26,2026-01,Monday,card,completed,F,22,수원,2024-02-24,도서 상품 036,도서,126000,4,126000,504000,True,True,True,True
541,209,83,39,2026-01-26,2026-01,Monday,card,completed,F,22,수원,2024-02-24,식품 상품 039,식품,77000,4,77000,308000,True,True,True,True
542,210,68,47,2025-12-02,2025-12,Tuesday,card,completed,F,22,서울,2024-10-17,생활용품 상품 047,생활용품,11000,3,11000,33000,True,True,True,True
543,211,108,93,2025-12-29,2025-12,Monday,card,completed,F,22,성남,2025-06-30,전자기기 상품 093,전자기기,89000,4,89000,356000,True,True,True,True
544,211,108,77,2025-12-29,2025-12,Monday,card,completed,F,22,성남,2025-06-30,전자기기 상품 077,전자기기,71000,5,71000,355000,True,True,True,True
545,212,122,59,2026-06-25,2026-06,Thursday,naver_pay,completed,F,58,울산,2025-06-07,뷰티 상품 059,뷰티,32000,1,32000,32000,True,True,True,True
546,212,122,18,2026-06-25,2026-06,Thursday,naver_pay,completed,F,58,울산,2025-06-07,스포츠 상품 018,스포츠,109000,3,109000,327000,True,True,True,True
547,213,132,51,2025-12-26,2025-12,Friday,card,cancelled,F,60,부산,2024-09-04,전자기기 상품 051,전자기기,111000,3,111000,333000,True,True,True,True
548,214,129,43,2025-10-31,2025-10,Friday,bank_transfer,refunded,F,45,대구,2025-12-19,뷰티 상품 043,뷰티,197000,4,197000,788000,True,True,True,True
549,214,129,43,2025-10-31,2025-10,Friday,bank_transfer,refunded,F,45,대구,2025-12-19,뷰티 상품 043,뷰티,197000,4,197000,788000,True,True,True,True
550,214,129,84,2025-10-31,2025-10,Friday,bank_transfer,refunded,F,45,대구,2025-12-19,스포츠 상품 084,스포츠,78000,5,78000,390000,True,True,True,True
551,214,129,18,2025-10-31,2025-10,Friday,bank_transfer,refunded,F,45,대구,2025-12-19,스포츠 상품 018,스포츠,109000,3,109000,327000,True,True,True,True
552,215,12,78,2026-06-07,2026-06,Sunday,kakao_pay,cancelled,F,66,대전,2024-09-30,뷰티 상품 078,뷰티,68000,2,68000,136000,True,True,True,True
553,215,12,62,2026-06-07,2026-06,Sunday,kakao_pay,cancelled,F,66,대전,2024-09-30,뷰티 상품 062,뷰티,183000,3,183000,549000,True,True,True,True
554,215,12,23,2026-06-07,2026-06,Sunday,kakao_pay,cancelled,F,66,대전,2024-09-30,스포츠 상품 023,스포츠,102000,4,102000,408000,True,True,True,True
555,216,8,38,2026-02-21,2026-02,Saturday,card,cancelled,M,32,수원,2024-12-24,생활용품 상품 038,생활용품,173000,4,173000,692000,True,True,True,True
556,216,8,74,2026-02-21,2026-02,Saturday,card,cancelled,M,32,수원,2024-12-24,뷰티 상품 074,뷰티,145000,2,145000,290000,True,True,True,True
557,216,8,42,2026-02-21,2026-02,Saturday,card,cancelled,M,32,수원,2024-12-24,패션 상품 042,패션,28000,4,28000,112000,True,True,True,True
558,217,103,51,2025-12-21,2025-12,Sunday,naver_pay,completed,M,34,인천,2024-10-17,전자기기 상품 051,전자기기,111000,3,111000,333000,True,True,True,True
559,217,103,15,2025-12-21,2025-12,Sunday,naver_pay,completed,M,34,인천,2024-10-17,뷰티 상품 015,뷰티,36000,5,36000,180000,True,True,True,True
560,217,103,26,2025-12-21,2025-12,Sunday,naver_pay,completed,M,34,인천,2024-10-17,도서 상품 026,도서,82000,5,82000,410000,True,True,True,True
561,218,126,88,2025-11-03,2025-11,Monday,naver_pay,completed,M,53,서울,2024-06-05,생활용품 상품 088,생활용품,43000,5,43000,215000,True,True,True,True
562,218,126,4,2025-11-03,2025-11,Monday,naver_pay,completed,M,53,서울,2024-06-05,생활용품 상품 004,생활용품,70000,4,70000,280000,True,True,True,True
563,219,21,57,2026-02-13,2026-02,Friday,kakao_pay,refunded,M,23,인천,2026-04-02,스포츠 상품 057,스포츠,181000,3,181000,543000,True,True,True,True
564,219,21,89,2026-02-13,2026-02,Friday,kakao_pay,refunded,M,23,인천,2026-04-02,생활용품 상품 089,생활용품,103000,1,103000,103000,True,True,True,True
565,220,38,87,2026-03-06,2026-03,Friday,card,completed,M,55,울산,2025-10-13,도서 상품 087,도서,25000,4,25000,100000,True,True,True,True
566,220,38,18,2026-03-06,2026-03,Friday,card,completed,M,55,울산,2025-10-13,스포츠 상품 018,스포츠,109000,3,109000,327000,True,True,True,True
567,220,38,31,2026-03-06,2026-03,Friday,card,completed,M,55,울산,2025-10-13,뷰티 상품 031,뷰티,153000,3,153000,459000,True,True,True,True
568,220,38,85,2026-03-06,2026-03,Friday,card,completed,M,55,울산,2025-10-13,생활용품 상품 085,생활용품,74000,2,74000,148000,True,True,True,True
569,221,71,49,2025-07-31,2025-07,Thursday,kakao_pay,cancelled,F,35,수원,2025-01-01,전자기기 상품 049,전자기기,161000,1,161000,161000,True,True,True,True
570,221,71,58,2025-07-31,2025-07,Thursday,kakao_pay,cancelled,F,35,수원,2025-01-01,식품 상품 058,식품,197000,5,197000,985000,True,True,True,True
571,221,71,62,2025-07-31,2025-07,Thursday,kakao_pay,cancelled,F,35,수원,2025-01-01,뷰티 상품 062,뷰티,183000,5,183000,915000,True,True,True,True
572,221,71,52,2025-07-31,2025-07,Thursday,kakao_pay,cancelled,F,35,수원,2025-01-01,스포츠 상품 052,스포츠,152000,5,152000,760000,True,True,True,True
573,222,136,70,2026-03-01,2026-03,Sunday,kakao_pay,cancelled,M,19,대구,2024-02-04,패션 상품 070,패션,198000,1,198000,198000,True,True,True,True
574,222,136,47,2026-03-01,2026-03,Sunday,kakao_pay,cancelled,M,19,대구,2024-02-04,생활용품 상품 047,생활용품,11000,5,11000,55000,True,True,True,True
575,222,136,77,2026-03-01,2026-03,Sunday,kakao_pay,cancelled,M,19,대구,2024-02-04,전자기기 상품 077,전자기기,71000,1,71000,71000,True,True,True,True
576,222,136,14,2026-03-01,2026-03,Sunday,kakao_pay,cancelled,M,19,대구,2024-02-04,패션 상품 014,패션,174000,2,174000,348000,True,True,True,True
577,223,130,22,2026-04-21,2026-04,Tuesday,naver_pay,completed,F,37,대전,2025-03-05,생활용품 상품 022,생활용품,112000,5,112000,560000,True,True,True,True
578,223,130,6,2026-04-21,2026-04,Tuesday,naver_pay,completed,F,37,대전,2025-03-05,전자기기 상품 006,전자기기,5000,5,5000,25000,True,True,True,True
579,223,130,83,2026-04-21,2026-04,Tuesday,naver_pay,completed,F,37,대전,2025-03-05,전자기기 상품 083,전자기기,24000,4,24000,96000,True,True,True,True
580,224,30,56,2025-08-15,2025-08,Friday,bank_transfer,cancelled,F,32,서울,2023-07-14,생활용품 상품 056,생활용품,42000,1,42000,42000,True,True,True,True
581,224,30,2,2025-08-15,2025-08,Friday,bank_transfer,cancelled,F,32,서울,2023-07-14,도서 상품 002,도서,34000,1,34000,34000,True,True,True,True
582,224,30,34,2025-08-15,2025-08,Friday,bank_transfer,cancelled,F,32,서울,2023-07-14,전자기기 상품 034,전자기기,118000,2,118000,236000,True,True,True,True
583,225,116,58,2026-04-30,2026-04,Thursday,bank_transfer,cancelled,F,34,부산,2023-12-21,식품 상품 058,식품,197000,3,197000,591000,True,True,True,True
584,225,116,51,2026-04-30,2026-04,Thursday,bank_transfer,cancelled,F,34,부산,2023-12-21,전자기기 상품 051,전자기기,111000,4,111000,444000,True,True,True,True
585,226,87,45,2025-09-26,2025-09,Friday,naver_pay,cancelled,M,31,울산,2024-03-17,패션 상품 045,패션,62000,1,62000,62000,True,True,True,True
586,226,87,62,2025-09-26,2025-09,Friday,naver_pay,cancelled,M,31,울산,2024-03-17,뷰티 상품 062,뷰티,183000,1,183000,183000,True,True,True,True
587,227,107,54,2026-03-07,2026-03,Saturday,card,completed,F,47,고양,2024-05-30,스포츠 상품 054,스포츠,103000,1,103000,103000,True,True,True,True
588,227,107,15,2026-03-07,2026-03,Saturday,card,completed,F,47,고양,2024-05-30,뷰티 상품 015,뷰티,36000,2,36000,72000,True,True,True,True
589,227,107,45,2026-03-07,2026-03,Saturday,card,completed,F,47,고양,2024-05-30,패션 상품 045,패션,62000,3,62000,186000,True,True,True,True
590,228,110,59,2025-09-27,2025-09,Saturday,kakao_pay,completed,F,40,부산,2026-02-24,뷰티 상품 059,뷰티,32000,2,32000,64000,True,True,True,True
591,228,110,67,2025-09-27,2025-09,Saturday,kakao_pay,completed,F,40,부산,2026-02-24,뷰티 상품 067,뷰티,123000,4,123000,492000,True,True,True,True
592,228,110,45,2025-09-27,2025-09,Saturday,kakao_pay,completed,F,40,부산,2026-02-24,패션 상품 045,패션,62000,4,62000,248000,True,True,True,True
593,229,96,57,2025-10-18,2025-10,Saturday,bank_transfer,cancelled,F,21,성남,2023-08-20,스포츠 상품 057,스포츠,181000,4,181000,724000,True,True,True,True
594,230,18,9,2026-03-21,2026-03,Saturday,card,completed,M,58,고양,2023-10-03,스포츠 상품 009,스포츠,193000,3,193000,579000,True,True,True,True
595,230,18,6,2026-03-21,2026-03,Saturday,card,completed,M,58,고양,2023-10-03,전자기기 상품 006,전자기기,5000,1,5000,5000,True,True,True,True
596,230,18,3,2026-03-21,2026-03,Saturday,card,completed,M,58,고양,2023-10-03,전자기기 상품 003,전자기기,152000,3,152000,456000,True,True,True,True
597,231,24,87,2025-08-08,2025-08,Friday,naver_pay,completed,F,41,대전,2025-09-07,도서 상품 087,도서,25000,2,25000,50000,True,True,True,True
598,232,96,67,2025-09-06,2025-09,Saturday,bank_transfer,refunded,F,21,성남,2023-08-20,뷰티 상품 067,뷰티,123000,2,123000,246000,True,True,True,True
599,232,96,71,2025-09-06,2025-09,Saturday,bank_transfer,refunded,F,21,성남,2023-08-20,전자기기 상품 071,전자기기,161000,2,161000,322000,True,True,True,True
600,233,16,72,2025-10-09,2025-10,Thursday,kakao_pay,completed,M,52,부산,2024-07-23,뷰티 상품 072,뷰티,189000,4,189000,756000,True,True,True,True
601,233,16,60,2025-10-09,2025-10,Thursday,kakao_pay,completed,M,52,부산,2024-07-23,뷰티 상품 060,뷰티,113000,2,113000,226000,True,True,True,True
602,233,16,52,2025-10-09,2025-10,Thursday,kakao_pay,completed,M,52,부산,2024-07-23,스포츠 상품 052,스포츠,152000,2,152000,304000,True,True,True,True
603,234,106,82,2025-09-13,2025-09,Saturday,kakao_pay,cancelled,M,38,부산,2024-10-18,생활용품 상품 082,생활용품,75000,4,75000,300000,True,True,True,True
604,234,106,51,2025-09-13,2025-09,Saturday,kakao_pay,cancelled,M,38,부산,2024-10-18,전자기기 상품 051,전자기기,111000,1,111000,111000,True,True,True,True
605,235,14,58,2026-02-07,2026-02,Saturday,kakao_pay,refunded,F,40,대전,2025-02-03,식품 상품 058,식품,197000,5,197000,985000,True,True,True,True
606,235,14,55,2026-02-07,2026-02,Saturday,kakao_pay,refunded,F,40,대전,2025-02-03,전자기기 상품 055,전자기기,107000,4,107000,428000,True,True,True,True
607,236,80,91,2025-08-06,2025-08,Wednesday,kakao_pay,completed,F,30,인천,2024-03-16,스포츠 상품 091,스포츠,59000,2,59000,118000,True,True,True,True
608,237,148,36,2025-09-06,2025-09,Saturday,bank_transfer,completed,M,29,고양,2026-06-15,도서 상품 036,도서,126000,1,126000,126000,True,True,True,True
609,237,148,74,2025-09-06,2025-09,Saturday,bank_transfer,completed,M,29,고양,2026-06-15,뷰티 상품 074,뷰티,145000,1,145000,145000,True,True,True,True
610,238,124,47,2025-07-09,2025-07,Wednesday,bank_transfer,completed,M,67,대구,2024-09-24,생활용품 상품 047,생활용품,11000,3,11000,33000,True,True,True,True
611,238,124,26,2025-07-09,2025-07,Wednesday,bank_transfer,completed,M,67,대구,2024-09-24,도서 상품 026,도서,82000,4,82000,328000,True,True,True,True
612,239,90,34,2025-12-13,2025-12,Saturday,kakao_pay,completed,M,36,울산,2024-08-26,전자기기 상품 034,전자기기,118000,4,118000,472000,True,True,True,True
613,240,72,77,2025-12-29,2025-12,Monday,bank_transfer,cancelled,F,52,대구,2024-03-10,전자기기 상품 077,전자기기,71000,4,71000,284000,True,True,True,True
614,240,72,79,2025-12-29,2025-12,Monday,bank_transfer,cancelled,F,52,대구,2024-03-10,뷰티 상품 079,뷰티,168000,4,168000,672000,True,True,True,True
615,240,72,76,2025-12-29,2025-12,Monday,bank_transfer,cancelled,F,52,대구,2024-03-10,스포츠 상품 076,스포츠,126000,1,126000,126000,True,True,True,True
616,241,144,46,2026-04-01,2026-04,Wednesday,card,refunded,M,22,광주,2025-02-01,뷰티 상품 046,뷰티,55000,4,55000,220000,True,True,True,True
617,241,144,80,2026-04-01,2026-04,Wednesday,card,refunded,M,22,광주,2025-02-01,패션 상품 080,패션,138000,2,138000,276000,True,True,True,True
618,241,144,87,2026-04-01,2026-04,Wednesday,card,refunded,M,22,광주,2025-02-01,도서 상품 087,도서,25000,3,25000,75000,True,True,True,True
619,242,69,87,2026-02-23,2026-02,Monday,card,completed,F,22,서울,2023-07-23,도서 상품 087,도서,25000,2,25000,50000,True,True,True,True
620,243,70,16,2026-01-06,2026-01,Tuesday,kakao_pay,completed,M,22,성남,2023-10-30,스포츠 상품 016,스포츠,81000,2,81000,162000,True,True,True,True
621,243,70,40,2026-01-06,2026-01,Tuesday,kakao_pay,completed,M,22,성남,2023-10-30,도서 상품 040,도서,174000,1,174000,174000,True,True,True,True
622,243,70,24,2026-01-06,2026-01,Tuesday,kakao_pay,completed,M,22,성남,2023-10-30,스포츠 상품 024,스포츠,196000,3,196000,588000,True,True,True,True
623,244,90,66,2025-10-29,2025-10,Wednesday,card,completed,M,36,울산,2024-08-26,전자기기 상품 066,전자기기,39000,4,39000,156000,True,True,True,True
624,244,90,54,2025-10-29,2025-10,Wednesday,card,completed,M,36,울산,2024-08-26,스포츠 상품 054,스포츠,103000,5,103000,515000,True,True,True,True
625,245,37,74,2025-07-20,2025-07,Sunday,naver_pay,completed,M,65,고양,2023-11-08,뷰티 상품 074,뷰티,145000,4,145000,580000,True,True,True,True
626,245,37,55,2025-07-20,2025-07,Sunday,naver_pay,completed,M,65,고양,2023-11-08,전자기기 상품 055,전자기기,107000,2,107000,214000,True,True,True,True
627,246,37,82,2025-10-05,2025-10,Sunday,card,completed,M,65,고양,2023-11-08,생활용품 상품 082,생활용품,75000,5,75000,375000,True,True,True,True
628,246,37,89,2025-10-05,2025-10,Sunday,card,completed,M,65,고양,2023-11-08,생활용품 상품 089,생활용품,103000,2,103000,206000,True,True,True,True
629,246,37,72,2025-10-05,2025-10,Sunday,card,completed,M,65,고양,2023-11-08,뷰티 상품 072,뷰티,189000,2,189000,378000,True,True,True,True
630,246,37,63,2025-10-05,2025-10,Sunday,card,completed,M,65,고양,2023-11-08,도서 상품 063,도서,123000,3,123000,369000,True,True,True,True
631,247,136,24,2025-10-27,2025-10,Monday,bank_transfer,cancelled,M,19,대구,2024-02-04,스포츠 상품 024,스포츠,196000,3,196000,588000,True,True,True,True
632,247,136,58,2025-10-27,2025-10,Monday,bank_transfer,cancelled,M,19,대구,2024-02-04,식품 상품 058,식품,197000,5,197000,985000,True,True,True,True
633,248,108,46,2026-04-08,2026-04,Wednesday,naver_pay,completed,F,22,성남,2025-06-30,뷰티 상품 046,뷰티,55000,1,55000,55000,True,True,True,True
634,249,41,18,2025-10-25,2025-10,Saturday,kakao_pay,completed,F,27,대구,2024-11-04,스포츠 상품 018,스포츠,109000,2,109000,218000,True,True,True,True
635,249,41,50,2025-10-25,2025-10,Saturday,kakao_pay,completed,F,27,대구,2024-11-04,뷰티 상품 050,뷰티,23000,5,23000,115000,True,True,True,True
636,249,41,65,2025-10-25,2025-10,Saturday,kakao_pay,completed,F,27,대구,2024-11-04,생활용품 상품 065,생활용품,36000,4,36000,144000,True,True,True,True
637,249,41,53,2025-10-25,2025-10,Saturday,kakao_pay,completed,F,27,대구,2024-11-04,생활용품 상품 053,생활용품,188000,4,188000,752000,True,True,True,True
638,250,84,91,2026-04-07,2026-04,Tuesday,card,completed,F,21,성남,2023-09-08,스포츠 상품 091,스포츠,59000,4,59000,236000,True,True,True,True
639,250,84,63,2026-04-07,2026-04,Tuesday,card,completed,F,21,성남,2023-09-08,도서 상품 063,도서,123000,2,123000,246000,True,True,True,True
640,250,84,11,2026-04-07,2026-04,Tuesday,card,completed,F,21,성남,2023-09-08,패션 상품 011,패션,115000,5,115000,575000,True,True,True,True
641,250,84,4,2026-04-07,2026-04,Tuesday,card,completed,F,21,성남,2023-09-08,생활용품 상품 004,생활용품,70000,2,70000,140000,True,True,True,True
642,251,40,5,2026-06-06,2026-06,Saturday,bank_transfer,refunded,M,23,서울,2024-06-02,식품 상품 005,식품,186000,3,186000,558000,True,True,True,True
643,251,40,29,2026-06-06,2026-06,Saturday,bank_transfer,refunded,M,23,서울,2024-06-02,패션 상품 029,패션,78000,5,78000,390000,True,True,True,True
644,251,40,37,2026-06-06,2026-06,Saturday,bank_transfer,refunded,M,23,서울,2024-06-02,뷰티 상품 037,뷰티,193000,2,193000,386000,True,True,True,True
645,252,13,73,2025-12-31,2025-12,Wednesday,card,completed,F,23,울산,2025-02-18,도서 상품 073,도서,114000,4,114000,456000,True,True,True,True
646,252,13,71,2025-12-31,2025-12,Wednesday,card,completed,F,23,울산,2025-02-18,전자기기 상품 071,전자기기,161000,5,161000,805000,True,True,True,True
647,252,13,15,2025-12-31,2025-12,Wednesday,card,completed,F,23,울산,2025-02-18,뷰티 상품 015,뷰티,36000,5,36000,180000,True,True,True,True
648,252,13,15,2025-12-31,2025-12,Wednesday,card,completed,F,23,울산,2025-02-18,뷰티 상품 015,뷰티,36000,3,36000,108000,True,True,True,True
649,253,114,70,2025-08-04,2025-08,Monday,naver_pay,cancelled,F,60,성남,2026-06-24,패션 상품 070,패션,198000,1,198000,198000,True,True,True,True
650,253,114,98,2025-08-04,2025-08,Monday,naver_pay,cancelled,F,60,성남,2026-06-24,스포츠 상품 098,스포츠,10000,4,10000,40000,True,True,True,True
651,253,114,70,2025-08-04,2025-08,Monday,naver_pay,cancelled,F,60,성남,2026-06-24,패션 상품 070,패션,198000,2,198000,396000,True,True,True,True
652,254,114,14,2026-03-31,2026-03,Tuesday,naver_pay,completed,F,60,성남,2026-06-24,패션 상품 014,패션,174000,2,174000,348000,True,True,True,True
653,254,114,39,2026-03-31,2026-03,Tuesday,naver_pay,completed,F,60,성남,2026-06-24,식품 상품 039,식품,77000,1,77000,77000,True,True,True,True
654,254,114,58,2026-03-31,2026-03,Tuesday,naver_pay,completed,F,60,성남,2026-06-24,식품 상품 058,식품,197000,3,197000,591000,True,True,True,True
655,254,114,45,2026-03-31,2026-03,Tuesday,naver_pay,completed,F,60,성남,2026-06-24,패션 상품 045,패션,62000,1,62000,62000,True,True,True,True
656,255,56,16,2025-10-06,2025-10,Monday,card,completed,F,21,인천,2024-03-23,스포츠 상품 016,스포츠,81000,2,81000,162000,True,True,True,True
657,255,56,27,2025-10-06,2025-10,Monday,card,completed,F,21,인천,2024-03-23,전자기기 상품 027,전자기기,145000,5,145000,725000,True,True,True,True
658,255,56,89,2025-10-06,2025-10,Monday,card,completed,F,21,인천,2024-03-23,생활용품 상품 089,생활용품,103000,3,103000,309000,True,True,True,True
659,255,56,91,2025-10-06,2025-10,Monday,card,completed,F,21,인천,2024-03-23,스포츠 상품 091,스포츠,59000,5,59000,295000,True,True,True,True
660,256,111,22,2026-07-01,2026-07,Wednesday,card,completed,F,41,광주,2026-05-19,생활용품 상품 022,생활용품,112000,5,112000,560000,True,True,True,True
661,256,111,18,2026-07-01,2026-07,Wednesday,card,completed,F,41,광주,2026-05-19,스포츠 상품 018,스포츠,109000,2,109000,218000,True,True,True,True
662,256,111,27,2026-07-01,2026-07,Wednesday,card,completed,F,41,광주,2026-05-19,전자기기 상품 027,전자기기,145000,1,145000,145000,True,True,True,True
663,256,111,73,2026-07-01,2026-07,Wednesday,card,completed,F,41,광주,2026-05-19,도서 상품 073,도서,114000,3,114000,342000,True,True,True,True
664,257,125,77,2025-10-18,2025-10,Saturday,kakao_pay,completed,M,28,수원,2023-11-11,전자기기 상품 077,전자기기,71000,5,71000,355000,True,True,True,True
665,257,125,22,2025-10-18,2025-10,Saturday,kakao_pay,completed,M,28,수원,2023-11-11,생활용품 상품 022,생활용품,112000,3,112000,336000,True,True,True,True
666,257,125,91,2025-10-18,2025-10,Saturday,kakao_pay,completed,M,28,수원,2023-11-11,스포츠 상품 091,스포츠,59000,3,59000,177000,True,True,True,True
667,258,57,74,2026-05-09,2026-05,Saturday,naver_pay,refunded,F,23,수원,2023-10-08,뷰티 상품 074,뷰티,145000,3,145000,435000,True,True,True,True
668,258,57,66,2026-05-09,2026-05,Saturday,naver_pay,refunded,F,23,수원,2023-10-08,전자기기 상품 066,전자기기,39000,1,39000,39000,True,True,True,True
669,258,57,18,2026-05-09,2026-05,Saturday,naver_pay,refunded,F,23,수원,2023-10-08,스포츠 상품 018,스포츠,109000,4,109000,436000,True,True,True,True
670,259,15,36,2026-05-11,2026-05,Monday,card,completed,M,69,서울,2026-06-04,도서 상품 036,도서,126000,2,126000,252000,True,True,True,True
671,260,78,32,2026-03-07,2026-03,Saturday,bank_transfer,completed,F,21,울산,2023-09-25,도서 상품 032,도서,172000,2,172000,344000,True,True,True,True
672,260,78,92,2026-03-07,2026-03,Saturday,bank_transfer,completed,F,21,울산,2023-09-25,식품 상품 092,식품,111000,3,111000,333000,True,True,True,True
673,261,66,98,2026-02-22,2026-02,Sunday,kakao_pay,completed,F,39,서울,2025-12-03,스포츠 상품 098,스포츠,10000,4,10000,40000,True,True,True,True
674,261,66,63,2026-02-22,2026-02,Sunday,kakao_pay,completed,F,39,서울,2025-12-03,도서 상품 063,도서,123000,2,123000,246000,True,True,True,True
675,262,31,81,2026-03-21,2026-03,Saturday,card,cancelled,M,43,광주,2025-08-24,전자기기 상품 081,전자기기,165000,4,165000,660000,True,True,True,True
676,262,31,49,2026-03-21,2026-03,Saturday,card,cancelled,M,43,광주,2025-08-24,전자기기 상품 049,전자기기,161000,4,161000,644000,True,True,True,True
677,262,31,10,2026-03-21,2026-03,Saturday,card,cancelled,M,43,광주,2025-08-24,스포츠 상품 010,스포츠,55000,1,55000,55000,True,True,True,True
678,263,111,66,2026-05-16,2026-05,Saturday,bank_transfer,completed,F,41,광주,2026-05-19,전자기기 상품 066,전자기기,39000,3,39000,117000,True,True,True,True
679,263,111,89,2026-05-16,2026-05,Saturday,bank_transfer,completed,F,41,광주,2026-05-19,생활용품 상품 089,생활용품,103000,3,103000,309000,True,True,True,True
680,263,111,59,2026-05-16,2026-05,Saturday,bank_transfer,completed,F,41,광주,2026-05-19,뷰티 상품 059,뷰티,32000,4,32000,128000,True,True,True,True
681,263,111,42,2026-05-16,2026-05,Saturday,bank_transfer,completed,F,41,광주,2026-05-19,패션 상품 042,패션,28000,5,28000,140000,True,True,True,True
682,264,98,100,2026-07-05,2026-07,Sunday,bank_transfer,refunded,F,61,인천,2024-11-07,도서 상품 100,도서,102000,1,102000,102000,True,True,True,True
683,265,144,82,2025-09-22,2025-09,Monday,kakao_pay,completed,M,22,광주,2025-02-01,생활용품 상품 082,생활용품,75000,3,75000,225000,True,True,True,True
684,265,144,9,2025-09-22,2025-09,Monday,kakao_pay,completed,M,22,광주,2025-02-01,스포츠 상품 009,스포츠,193000,5,193000,965000,True,True,True,True
685,265,144,51,2025-09-22,2025-09,Monday,kakao_pay,completed,M,22,광주,2025-02-01,전자기기 상품 051,전자기기,111000,2,111000,222000,True,True,True,True
686,265,144,55,2025-09-22,2025-09,Monday,kakao_pay,completed,M,22,광주,2025-02-01,전자기기 상품 055,전자기기,107000,2,107000,214000,True,True,True,True
687,266,102,35,2025-12-20,2025-12,Saturday,card,cancelled,M,60,고양,2024-12-02,스포츠 상품 035,스포츠,59000,3,59000,177000,True,True,True,True
688,266,102,37,2025-12-20,2025-12,Saturday,card,cancelled,M,60,고양,2024-12-02,뷰티 상품 037,뷰티,193000,3,193000,579000,True,True,True,True
689,266,102,71,2025-12-20,2025-12,Saturday,card,cancelled,M,60,고양,2024-12-02,전자기기 상품 071,전자기기,161000,5,161000,805000,True,True,True,True
690,266,102,17,2025-12-20,2025-12,Saturday,card,cancelled,M,60,고양,2024-12-02,도서 상품 017,도서,84000,5,84000,420000,True,True,True,True
691,267,5,44,2025-08-21,2025-08,Thursday,naver_pay,completed,F,19,부산,2024-09-13,생활용품 상품 044,생활용품,177000,1,177000,177000,True,True,True,True
692,267,5,6,2025-08-21,2025-08,Thursday,naver_pay,completed,F,19,부산,2024-09-13,전자기기 상품 006,전자기기,5000,1,5000,5000,True,True,True,True
693,267,5,81,2025-08-21,2025-08,Thursday,naver_pay,completed,F,19,부산,2024-09-13,전자기기 상품 081,전자기기,165000,4,165000,660000,True,True,True,True
694,267,5,3,2025-08-21,2025-08,Thursday,naver_pay,completed,F,19,부산,2024-09-13,전자기기 상품 003,전자기기,152000,1,152000,152000,True,True,True,True
695,268,81,57,2026-02-04,2026-02,Wednesday,naver_pay,refunded,M,26,울산,2023-07-24,스포츠 상품 057,스포츠,181000,4,181000,724000,True,True,True,True
696,268,81,1,2026-02-04,2026-02,Wednesday,naver_pay,refunded,M,26,울산,2023-07-24,전자기기 상품 001,전자기기,160000,4,160000,640000,True,True,True,True
697,269,104,89,2025-10-03,2025-10,Friday,naver_pay,completed,M,33,광주,2026-06-26,생활용품 상품 089,생활용품,103000,2,103000,206000,True,True,True,True
698,269,104,84,2025-10-03,2025-10,Friday,naver_pay,completed,M,33,광주,2026-06-26,스포츠 상품 084,스포츠,78000,3,78000,234000,True,True,True,True
699,270,30,36,2026-03-16,2026-03,Monday,naver_pay,completed,F,32,서울,2023-07-14,도서 상품 036,도서,126000,1,126000,126000,True,True,True,True
700,270,30,84,2026-03-16,2026-03,Monday,naver_pay,completed,F,32,서울,2023-07-14,스포츠 상품 084,스포츠,78000,3,78000,234000,True,True,True,True
701,271,84,11,2025-09-03,2025-09,Wednesday,bank_transfer,refunded,F,21,성남,2023-09-08,패션 상품 011,패션,115000,3,115000,345000,True,True,True,True
702,271,84,86,2025-09-03,2025-09,Wednesday,bank_transfer,refunded,F,21,성남,2023-09-08,패션 상품 086,패션,86000,2,86000,172000,True,True,True,True
703,271,84,7,2025-09-03,2025-09,Wednesday,bank_transfer,refunded,F,21,성남,2023-09-08,도서 상품 007,도서,142000,4,142000,568000,True,True,True,True
704,272,118,93,2026-06-25,2026-06,Thursday,kakao_pay,completed,F,35,광주,2024-01-13,전자기기 상품 093,전자기기,89000,2,89000,178000,True,True,True,True
705,272,118,55,2026-06-25,2026-06,Thursday,kakao_pay,completed,F,35,광주,2024-01-13,전자기기 상품 055,전자기기,107000,1,107000,107000,True,True,True,True
706,272,118,91,2026-06-25,2026-06,Thursday,kakao_pay,completed,F,35,광주,2024-01-13,스포츠 상품 091,스포츠,59000,1,59000,59000,True,True,True,True
707,273,112,28,2025-10-19,2025-10,Sunday,card,completed,F,46,성남,2023-09-18,뷰티 상품 028,뷰티,5000,4,5000,20000,True,True,True,True
708,274,112,17,2026-05-25,2026-05,Monday,naver_pay,refunded,F,46,성남,2023-09-18,도서 상품 017,도서,84000,5,84000,420000,True,True,True,True
709,275,21,67,2025-09-01,2025-09,Monday,naver_pay,completed,M,23,인천,2026-04-02,뷰티 상품 067,뷰티,123000,4,123000,492000,True,True,True,True
710,275,21,2,2025-09-01,2025-09,Monday,naver_pay,completed,M,23,인천,2026-04-02,도서 상품 002,도서,34000,1,34000,34000,True,True,True,True
711,276,87,16,2025-08-04,2025-08,Monday,bank_transfer,completed,M,31,울산,2024-03-17,스포츠 상품 016,스포츠,81000,4,81000,324000,True,True,True,True
712,276,87,89,2025-08-04,2025-08,Monday,bank_transfer,completed,M,31,울산,2024-03-17,생활용품 상품 089,생활용품,103000,2,103000,206000,True,True,True,True
713,276,87,62,2025-08-04,2025-08,Monday,bank_transfer,completed,M,31,울산,2024-03-17,뷰티 상품 062,뷰티,183000,1,183000,183000,True,True,True,True
714,277,44,50,2025-07-31,2025-07,Thursday,card,refunded,M,51,광주,2023-10-27,뷰티 상품 050,뷰티,23000,1,23000,23000,True,True,True,True
715,277,44,94,2025-07-31,2025-07,Thursday,card,refunded,M,51,광주,2023-10-27,도서 상품 094,도서,124000,1,124000,124000,True,True,True,True
716,278,30,41,2025-09-10,2025-09,Wednesday,bank_transfer,completed,F,32,서울,2023-07-14,스포츠 상품 041,스포츠,163000,3,163000,489000,True,True,True,True
717,279,90,18,2026-05-11,2026-05,Monday,bank_transfer,completed,M,36,울산,2024-08-26,스포츠 상품 018,스포츠,109000,4,109000,436000,True,True,True,True
718,279,90,100,2026-05-11,2026-05,Monday,bank_transfer,completed,M,36,울산,2024-08-26,도서 상품 100,도서,102000,2,102000,204000,True,True,True,True
719,279,90,83,2026-05-11,2026-05,Monday,bank_transfer,completed,M,36,울산,2024-08-26,전자기기 상품 083,전자기기,24000,2,24000,48000,True,True,True,True
720,280,27,68,2025-11-04,2025-11,Tuesday,bank_transfer,completed,F,28,수원,2024-08-02,스포츠 상품 068,스포츠,140000,5,140000,700000,True,True,True,True
721,281,51,79,2026-02-24,2026-02,Tuesday,bank_transfer,refunded,F,27,대전,2024-12-17,뷰티 상품 079,뷰티,168000,2,168000,336000,True,True,True,True
722,282,40,45,2026-04-24,2026-04,Friday,card,completed,M,23,서울,2024-06-02,패션 상품 045,패션,62000,2,62000,124000,True,True,True,True
723,282,40,81,2026-04-24,2026-04,Friday,card,completed,M,23,서울,2024-06-02,전자기기 상품 081,전자기기,165000,2,165000,330000,True,True,True,True
724,282,40,53,2026-04-24,2026-04,Friday,card,completed,M,23,서울,2024-06-02,생활용품 상품 053,생활용품,188000,5,188000,940000,True,True,True,True
725,282,40,88,2026-04-24,2026-04,Friday,card,completed,M,23,서울,2024-06-02,생활용품 상품 088,생활용품,43000,4,43000,172000,True,True,True,True
726,283,127,12,2026-05-24,2026-05,Sunday,naver_pay,refunded,F,22,대구,2025-04-14,식품 상품 012,식품,175000,1,175000,175000,True,True,True,True
727,283,127,18,2026-05-24,2026-05,Sunday,naver_pay,refunded,F,22,대구,2025-04-14,스포츠 상품 018,스포츠,109000,1,109000,109000,True,True,True,True
728,284,149,45,2026-02-14,2026-02,Saturday,naver_pay,refunded,M,20,부산,2024-10-19,패션 상품 045,패션,62000,4,62000,248000,True,True,True,True
729,284,149,41,2026-02-14,2026-02,Saturday,naver_pay,refunded,M,20,부산,2024-10-19,스포츠 상품 041,스포츠,163000,2,163000,326000,True,True,True,True
730,284,149,32,2026-02-14,2026-02,Saturday,naver_pay,refunded,M,20,부산,2024-10-19,도서 상품 032,도서,172000,3,172000,516000,True,True,True,True
731,284,149,83,2026-02-14,2026-02,Saturday,naver_pay,refunded,M,20,부산,2024-10-19,전자기기 상품 083,전자기기,24000,1,24000,24000,True,True,True,True
732,285,83,71,2026-06-30,2026-06,Tuesday,kakao_pay,completed,F,22,수원,2024-02-24,전자기기 상품 071,전자기기,161000,5,161000,805000,True,True,True,True
733,285,83,77,2026-06-30,2026-06,Tuesday,kakao_pay,completed,F,22,수원,2024-02-24,전자기기 상품 077,전자기기,71000,5,71000,355000,True,True,True,True
734,286,113,100,2025-10-28,2025-10,Tuesday,card,cancelled,M,57,성남,2023-10-30,도서 상품 100,도서,102000,1,102000,102000,True,True,True,True
735,286,113,85,2025-10-28,2025-10,Tuesday,card,cancelled,M,57,성남,2023-10-30,생활용품 상품 085,생활용품,74000,3,74000,222000,True,True,True,True
736,286,113,27,2025-10-28,2025-10,Tuesday,card,cancelled,M,57,성남,2023-10-30,전자기기 상품 027,전자기기,145000,5,145000,725000,True,True,True,True
737,287,114,96,2025-12-25,2025-12,Thursday,kakao_pay,completed,F,60,성남,2026-06-24,생활용품 상품 096,생활용품,112000,4,112000,448000,True,True,True,True
738,287,114,38,2025-12-25,2025-12,Thursday,kakao_pay,completed,F,60,성남,2026-06-24,생활용품 상품 038,생활용품,173000,1,173000,173000,True,True,True,True
739,288,15,64,2025-08-25,2025-08,Monday,kakao_pay,refunded,M,69,서울,2026-06-04,식품 상품 064,식품,147000,4,147000,588000,True,True,True,True
740,288,15,15,2025-08-25,2025-08,Monday,kakao_pay,refunded,M,69,서울,2026-06-04,뷰티 상품 015,뷰티,36000,2,36000,72000,True,True,True,True
741,289,19,82,2026-01-06,2026-01,Tuesday,kakao_pay,cancelled,M,54,인천,2024-08-27,생활용품 상품 082,생활용품,75000,5,75000,375000,True,True,True,True
742,289,19,10,2026-01-06,2026-01,Tuesday,kakao_pay,cancelled,M,54,인천,2024-08-27,스포츠 상품 010,스포츠,55000,5,55000,275000,True,True,True,True
743,289,19,2,2026-01-06,2026-01,Tuesday,kakao_pay,cancelled,M,54,인천,2024-08-27,도서 상품 002,도서,34000,3,34000,102000,True,True,True,True
744,289,19,41,2026-01-06,2026-01,Tuesday,kakao_pay,cancelled,M,54,인천,2024-08-27,스포츠 상품 041,스포츠,163000,2,163000,326000,True,True,True,True
745,290,116,73,2026-04-01,2026-04,Wednesday,card,completed,F,34,부산,2023-12-21,도서 상품 073,도서,114000,4,114000,456000,True,True,True,True
746,290,116,47,2026-04-01,2026-04,Wednesday,card,completed,F,34,부산,2023-12-21,생활용품 상품 047,생활용품,11000,5,11000,55000,True,True,True,True
747,290,116,88,2026-04-01,2026-04,Wednesday,card,completed,F,34,부산,2023-12-21,생활용품 상품 088,생활용품,43000,2,43000,86000,True,True,True,True
748,290,116,98,2026-04-01,2026-04,Wednesday,card,completed,F,34,부산,2023-12-21,스포츠 상품 098,스포츠,10000,4,10000,40000,True,True,True,True
749,291,95,3,2025-11-03,2025-11,Monday,kakao_pay,completed,M,50,성남,2025-03-20,전자기기 상품 003,전자기기,152000,5,152000,760000,True,True,True,True
750,292,24,2,2026-04-05,2026-04,Sunday,naver_pay,cancelled,F,41,대전,2025-09-07,도서 상품 002,도서,34000,3,34000,102000,True,True,True,True
751,293,149,6,2025-12-11,2025-12,Thursday,card,cancelled,M,20,부산,2024-10-19,전자기기 상품 006,전자기기,5000,1,5000,5000,True,True,True,True
752,293,149,51,2025-12-11,2025-12,Thursday,card,cancelled,M,20,부산,2024-10-19,전자기기 상품 051,전자기기,111000,5,111000,555000,True,True,True,True
753,294,147,81,2025-10-21,2025-10,Tuesday,bank_transfer,completed,M,19,부산,2025-02-11,전자기기 상품 081,전자기기,165000,5,165000,825000,True,True,True,True
754,294,147,99,2025-10-21,2025-10,Tuesday,bank_transfer,completed,M,19,부산,2025-02-11,뷰티 상품 099,뷰티,200000,4,200000,800000,True,True,True,True
755,294,147,55,2025-10-21,2025-10,Tuesday,bank_transfer,completed,M,19,부산,2025-02-11,전자기기 상품 055,전자기기,107000,4,107000,428000,True,True,True,True
756,295,122,82,2026-01-18,2026-01,Sunday,bank_transfer,completed,F,58,울산,2025-06-07,생활용품 상품 082,생활용품,75000,5,75000,375000,True,True,True,True
757,296,116,36,2026-02-02,2026-02,Monday,card,completed,F,34,부산,2023-12-21,도서 상품 036,도서,126000,1,126000,126000,True,True,True,True
758,296,116,40,2026-02-02,2026-02,Monday,card,completed,F,34,부산,2023-12-21,도서 상품 040,도서,174000,1,174000,174000,True,True,True,True
759,297,22,20,2026-01-15,2026-01,Thursday,bank_transfer,completed,F,42,광주,2025-11-27,스포츠 상품 020,스포츠,80000,5,80000,400000,True,True,True,True
760,297,22,42,2026-01-15,2026-01,Thursday,bank_transfer,completed,F,42,광주,2025-11-27,패션 상품 042,패션,28000,4,28000,112000,True,True,True,True
761,298,64,40,2025-12-25,2025-12,Thursday,naver_pay,cancelled,M,51,수원,2025-03-27,도서 상품 040,도서,174000,4,174000,696000,True,True,True,True
762,299,135,8,2025-08-08,2025-08,Friday,bank_transfer,completed,F,28,대구,2026-01-13,스포츠 상품 008,스포츠,189000,2,189000,378000,True,True,True,True
763,299,135,12,2025-08-08,2025-08,Friday,bank_transfer,completed,F,28,대구,2026-01-13,식품 상품 012,식품,175000,4,175000,700000,True,True,True,True
764,300,96,59,2026-02-25,2026-02,Wednesday,kakao_pay,cancelled,F,21,성남,2023-08-20,뷰티 상품 059,뷰티,32000,5,32000,160000,True,True,True,True
